company,company_label,product_line,country_scope,quarter,export_value_usd,export_value_krw,export_weight_kg,domestic_company_count,foreign_counterparty_count,trass_raw_value,trass_observed_days,trass_target_days,trass_30d_normalized,trass_is_partial_month,trass_adjustment_factor,trass_value_for_trend,trass_total_source
"samyang","삼양식품","ramen","cn","2022-Q1","40397580","48288065014","12861871.49","0","0","48288065014","90","90","48275916314.56","false","1","48275916314.56","reported"
"samyang","삼양식품","ramen","cn","2022-Q2","51478247","64242537425","16653021.77","0","0","64242537425","91","90","63361466272.520004","false","0.989","63361466272.520004","reported"
"samyang","삼양식품","ramen","cn","2022-Q3","40480202","53569687358","13112742.99","0","0","53569687358","92","90","52550136466.03","false","0.9783","52550136466.03","reported"
"samyang","삼양식품","ramen","cn","2022-Q4","56561798","77505704525","17900955.05","0","0","77505704525","92","90","75806859065.17","false","0.9783","75806859065.17","reported"
"samyang","삼양식품","ramen","cn","2023-Q1","49810068","63295337439","14503103.24","0","0","63295337439","90","90","63611903076.33","false","1","63611903076.33","reported"
"samyang","삼양식품","ramen","cn","2023-Q2","37543149","49170736782","10821982.27","0","0","49170736782","91","90","48695269402.29","false","0.989","48695269402.29","reported"
"samyang","삼양식품","ramen","cn","2023-Q3","63843492","83728243539","18501588.83","0","0","83728243539","92","90","82094038523.07","false","0.9783","82094038523.07","reported"
"samyang","삼양식품","ramen","cn","2023-Q4","64252897","85361079271","18652323.85","0","0","85361079271","92","90","83678460223","false","0.9783","83678460223","reported"
"samyang","삼양식품","ramen","cn","2024-Q1","43800091","58049817031","13051246.219999999","0","0","58049817031","91","90","57527640373.979996","false","0.989","57527640373.979996","reported"
"samyang","삼양식품","ramen","cn","2024-Q2","70029544","95801103255","20417557.85","0","0","95801103255","91","90","94697460010.23","false","0.989","94697460010.23","reported"
"samyang","삼양식품","ramen","cn","2024-Q3","66998326","91281923011","19368332.63","0","0","91281923011","92","90","89220658886.25","false","0.9783","89220658886.25","reported"
"samyang","삼양식품","ramen","cn","2024-Q4","79721341","110369488341","24221844.189999998","0","0","110369488341","92","90","108053164085.16998","false","0.9783","108053164085.16998","reported"
"samyang","삼양식품","ramen","cn","2025-Q1","76298098","110728668681","22170378.4","0","0","110728668681","90","90","111642219725.39","false","1","111642219725.39","reported"
"samyang","삼양식품","ramen","cn","2025-Q2","84989232","119801975481","23455421.67","0","0","119801975481","91","90","118394915272.39","false","0.989","118394915272.39","reported"
"samyang","삼양식품","ramen","cn","2025-Q3","121155738","167583921319","33674594.879999995","0","0","167583921319","92","90","164263165382.87","false","0.9783","164263165382.87","reported"
"samyang","삼양식품","ramen","cn","2025-Q4","102948147","148432899941","29046357.87","0","0","148432899941","92","90","145364645372.88","false","0.9783","145364645372.88","reported"
"samyang","삼양식품","ramen","cn","2026-Q1","86630611","126523643513","23626423.41","0","0","126523643513","90","90","126082750337.49002","false","1","126082750337.49002","reported"
"samyang","삼양식품","ramen","cn","2026-Q2","72076504","107097658050","19335948.111","0","0","107097658050","61","60","105912526869.94","false","0.9836","105912526869.94","reported"
"samyang","삼양식품","ramen","total","1996-Q1","19112026","14893799129","7662147","223","0","14893799129","91","90","14745723325.400002","false","0.989","14745723325.400002","reported"
"samyang","삼양식품","ramen","total","1996-Q2","21874199","17090503735","8361598","268","0","17090503735","91","90","16906779827.029999","false","0.989","16906779827.029999","reported"
"samyang","삼양식품","ramen","total","1996-Q3","23793813","19344377233","8651390","244","0","19344377233","92","90","18920403414.71","false","0.9783","18920403414.71","reported"
"samyang","삼양식품","ramen","total","1996-Q4","24785064","20492656039","9467671","247","0","20492656039","92","90","20036562861.2","false","0.9783","20036562861.2","reported"
"samyang","삼양식품","ramen","total","1997-Q1","26697351","22972755773","10260965","237","0","22972755773","90","90","22984872952.26","false","1","22984872952.26","reported"
"samyang","삼양식품","ramen","total","1997-Q2","28566601","25381436983","11111268","235","0","25381436983","91","90","25127052025.9","false","0.989","25127052025.9","reported"
"samyang","삼양식품","ramen","total","1997-Q3","33950265","30308012971","13110315","234","0","30308012971","92","90","29639099434.1","false","0.9783","29639099434.1","reported"
"samyang","삼양식품","ramen","total","1997-Q4","26094912","28085545441","10301643","265","0","28085545441","92","90","27441835032.940002","false","0.9783","27441835032.940002","reported"
"samyang","삼양식품","ramen","total","1998-Q1","26883482","42046609113","12475825","248","0","42046609113","90","90","42309050765.700005","false","1","42309050765.700005","reported"
"samyang","삼양식품","ramen","total","1998-Q2","25501071","34957389448","11605433","195","0","34957389448","91","90","34619984523.55","false","0.989","34619984523.55","reported"
"samyang","삼양식품","ramen","total","1998-Q3","21292492","27600500414","9867329","188","0","27600500414","92","90","26912312403.78","false","0.9783","26912312403.78","reported"
"samyang","삼양식품","ramen","total","1998-Q4","17592856","22288903560","8029778","186","0","22288903560","92","90","21799277076.68","false","0.9783","21799277076.68","reported"
"samyang","삼양식품","ramen","total","1999-Q1","17313720","20517330222","7537736","165","11","20517330222","90","90","20450800610.36","false","1","20450800610.36","reported"
"samyang","삼양식품","ramen","total","1999-Q2","22016946","26028635014","9545900","170","5","26028635014","91","90","25789898675.42","false","0.989","25789898675.42","reported"
"samyang","삼양식품","ramen","total","1999-Q3","19231938","22672725526","7945913","159","5","22672725526","92","90","22172701261.42","false","0.9783","22172701261.42","reported"
"samyang","삼양식품","ramen","total","1999-Q4","20908878","24375526505","8642013","163","16","24375526505","92","90","23857787644.39","false","0.9783","23857787644.39","reported"
"samyang","삼양식품","ramen","total","2000-Q1","21573924","24085486862","8991299","146","93","24085486862","91","90","23796165022.620003","false","0.989","23796165022.620003","reported"
"samyang","삼양식품","ramen","total","2000-Q2","23615603","26084906494","10039214","148","90","26084906494","91","90","25818688212.06","false","0.989","25818688212.06","reported"
"samyang","삼양식품","ramen","total","2000-Q3","23438244","25887600978","9661299","155","106","25887600978","92","90","25302876205.32","false","0.9783","25302876205.32","reported"
"samyang","삼양식품","ramen","total","2000-Q4","22856518","26114518316","9410449","161","141","26114518316","92","90","25572976779","false","0.9783","25572976779","reported"
"samyang","삼양식품","ramen","total","2001-Q1","27200627","34133010614","11406411","177","161","34133010614","90","90","34280682819.85","false","1","34280682819.85","reported"
"samyang","삼양식품","ramen","total","2001-Q2","27776291","36008402233","12271836","186","142","36008402233","91","90","35581153364.87","false","0.989","35581153364.87","reported"
"samyang","삼양식품","ramen","total","2001-Q3","26527325","33967186121","11468735","175","147","33967186121","92","90","33264650941","false","0.9783","33264650941","reported"
"samyang","삼양식품","ramen","total","2001-Q4","27559619","35266329687","12178671.4","196","169","35266329687","92","90","34569566387.26","false","0.9783","34569566387.26","reported"
"samyang","삼양식품","ramen","total","2002-Q1","31604103","41278218675","13310292","191","161","41278218675","90","90","41263580402","false","1","41263580402","reported"
"samyang","삼양식품","ramen","total","2002-Q2","31446322","39766844167","13393679","198","171","39766844167","91","90","39365554892.520004","false","0.989","39365554892.520004","reported"
"samyang","삼양식품","ramen","total","2002-Q3","33676575","39882527475","14012269.100000001","215","179","39882527475","92","90","39015485720.97","false","0.9783","39015485720.97","reported"
"samyang","삼양식품","ramen","total","2002-Q4","34636262","41922657128","13916530.500000002","218","182","41922657128","92","90","41011352102.22","false","0.9783","41011352102.22","reported"
"samyang","삼양식품","ramen","total","2003-Q1","36848655","43659395701","14448662.7","231","152","43659395701","90","90","43877623758.630005","false","1","43877623758.630005","reported"
"samyang","삼양식품","ramen","total","2003-Q2","32631598","39211413729","13284013.7","214","158","39211413729","91","90","38821557217.58","false","0.989","38821557217.58","reported"
"samyang","삼양식품","ramen","total","2003-Q3","37879088","44143785788","14553590.3","230","154","44143785788","92","90","43216762366.39","false","0.9783","43216762366.39","reported"
"samyang","삼양식품","ramen","total","2003-Q4","41737064","48621756154","15514659.900000002","244","176","48621756154","92","90","47600649273.68","false","0.9783","47600649273.68","reported"
"samyang","삼양식품","ramen","total","2004-Q1","33833637","39310819448","12606161.2","249","169","39310819448","91","90","39010139947.740005","false","0.989","39010139947.740005","reported"
"samyang","삼양식품","ramen","total","2004-Q2","41613111","47815296968","16375867.5","244","186","47815296968","91","90","47347850401.81","false","0.989","47347850401.81","reported"
"samyang","삼양식품","ramen","total","2004-Q3","39483216","45143931433","14760862.1","253","170","45143931433","92","90","44218085542.32","false","0.9783","44218085542.32","reported"
"samyang","삼양식품","ramen","total","2004-Q4","41912010","45809103236","15240915.1","255","198","45809103236","92","90","44838224870.68","false","0.9783","44838224870.68","reported"
"samyang","삼양식품","ramen","total","2005-Q1","36661004","37147174977","13076293.7","240","166","37147174977","90","90","37177760009.24","false","1","37177760009.24","reported"
"samyang","삼양식품","ramen","total","2005-Q2","36522531","36492966505","12455331.299999999","239","165","36492966505","91","90","36135812863.229996","false","0.989","36135812863.229996","reported"
"samyang","삼양식품","ramen","total","2005-Q3","31212328","31767697924","9880250.8","242","153","31767697924","92","90","31110557883.16","false","0.9783","31110557883.16","reported"
"samyang","삼양식품","ramen","total","2005-Q4","31484288","32397624121","9898101.4","265","172","32397624121","92","90","31704591329.870003","false","0.9783","31704591329.870003","reported"
"samyang","삼양식품","ramen","total","2006-Q1","24241091","23531725543","7398706.3","266","152","23531725543","90","90","23533523045.08","false","1","23533523045.08","reported"
"samyang","삼양식품","ramen","total","2006-Q2","24772445","23336243928","7656882.5","266","166","23336243928","91","90","23080844220.29","false","0.989","23080844220.29","reported"
"samyang","삼양식품","ramen","total","2006-Q3","26502650","25096962033","7209479.1","277","159","25096962033","92","90","24574351978.64","false","0.9783","24574351978.64","reported"
"samyang","삼양식품","ramen","total","2006-Q4","27118906","25225555184","7561135.9","280","158","25225555184","92","90","24719408448.800003","false","0.9783","24719408448.800003","reported"
"samyang","삼양식품","ramen","total","2007-Q1","26440076","24569603705","7283661.3","275","139","24569603705","90","90","24509073276.15","false","1","24509073276.15","reported"
"samyang","삼양식품","ramen","total","2007-Q2","26707116","24599844669","7107324.6","265","147","24599844669","91","90","24331056994.16","false","0.989","24331056994.16","reported"
"samyang","삼양식품","ramen","total","2007-Q3","27194393","25024729880","7116824.5","281","134","25024729880","92","90","24498563771.13","false","0.9783","24498563771.13","reported"
"samyang","삼양식품","ramen","total","2007-Q4","35323107","32170365342","8867250.9","293","183","32170365342","92","90","31472177198.480003","false","0.9783","31472177198.480003","reported"
"samyang","삼양식품","ramen","total","2008-Q1","32119616","30242126227","7902048.4","286","124","30242126227","91","90","29857090601.75","false","0.989","29857090601.75","reported"
"samyang","삼양식품","ramen","total","2008-Q2","32581880","32709178467","8051910.5","294","401","32709178467","91","90","32353911046.35","false","0.989","32353911046.35","reported"
"samyang","삼양식품","ramen","total","2008-Q3","33016303","34504782550","8023359.600000001","299","575","34504782550","92","90","33760757784.84","false","0.9783","33760757784.84","reported"
"samyang","삼양식품","ramen","total","2008-Q4","31799838","42593336427","8215293.9","314","665","42593336427","92","90","41668525983.84","false","0.9783","41668525983.84","reported"
"samyang","삼양식품","ramen","total","2009-Q1","30438092","42451095178","8572124.3","296","648","42451095178","90","90","42572322001.89","false","1","42572322001.89","reported"
"samyang","삼양식품","ramen","total","2009-Q2","34419397","44050806718","9279992.1","315","682","44050806718","91","90","43587040594.61","false","0.989","43587040594.61","reported"
"samyang","삼양식품","ramen","total","2009-Q3","35576746","43888891858","9392360.3","342","724","43888891858","92","90","42997174582.29","false","0.9783","42997174582.29","reported"
"samyang","삼양식품","ramen","total","2009-Q4","41475662","48037449226","9801661.5","328","735","48037449226","92","90","47029355672.52","false","0.9783","47029355672.52","reported"
"samyang","삼양식품","ramen","total","2010-Q1","36693057","41608451858","9144114.9","338","739","41608451858","90","90","41610447447.16","false","1","41610447447.16","reported"
"samyang","삼양식품","ramen","total","2010-Q2","40157831","46029761367","10194919.3","351","779","46029761367","91","90","45589954561.71","false","0.989","45589954561.71","reported"
"samyang","삼양식품","ramen","total","2010-Q3","35916060","42265659718","9013042.1","339","743","42265659718","92","90","41338357062.03","false","0.9783","41338357062.03","reported"
"samyang","삼양식품","ramen","total","2010-Q4","44437146","49848359861","11285686.6","349","780","49848359861","92","90","48779612403.94","false","0.9783","48779612403.94","reported"
"samyang","삼양식품","ramen","total","2011-Q1","42794437","47590747085","10877304.9","361","766","47590747085","90","90","47264564312.600006","false","1","47264564312.600006","reported"
"samyang","삼양식품","ramen","total","2011-Q2","50127667","53993148288","12055685.899999999","370","822","53993148288","91","90","53461671213.55","false","0.989","53461671213.55","reported"
"samyang","삼양식품","ramen","total","2011-Q3","43838372","46790405282","10396798.45","340","785","46790405282","92","90","45832351121.25","false","0.9783","45832351121.25","reported"
"samyang","삼양식품","ramen","total","2011-Q4","49971777","56759373829","11505520.100000001","409","814","56759373829","92","90","55539227639.09","false","0.9783","55539227639.09","reported"
"samyang","삼양식품","ramen","total","2012-Q1","52064872","58315975087","11511641.899999999","396","808","58315975087","91","90","57800107891.66","false","0.989","57800107891.66","reported"
"samyang","삼양식품","ramen","total","2012-Q2","52182870","59432857519","11976939.1","370","813","59432857519","91","90","58788532132.94","false","0.989","58788532132.94","reported"
"samyang","삼양식품","ramen","total","2012-Q3","52253778","58775393750","11865285.2","353","803","58775393750","92","90","57495087230.39","false","0.9783","57495087230.39","reported"
"samyang","삼양식품","ramen","total","2012-Q4","49727232","53885262563","11152390.1","379","800","53885262563","92","90","52720687163.060005","false","0.9783","52720687163.060005","reported"
"samyang","삼양식품","ramen","total","2013-Q1","52636622","56425079917","11993929.100000001","361","795","56425079917","90","90","56264265345.83","false","1","56264265345.83","reported"
"samyang","삼양식품","ramen","total","2013-Q2","59356791","65807832765","13363183.7","402","875","65807832765","91","90","65131058110.45","false","0.989","65131058110.45","reported"
"samyang","삼양식품","ramen","total","2013-Q3","48309795","53364905828","11390888.1","421","867","53364905828","92","90","52180974924.93","false","0.9783","52180974924.93","reported"
"samyang","삼양식품","ramen","total","2013-Q4","52225396","55009416384","12344954.3","444","859","55009416384","92","90","53828217402.12","false","0.9783","53828217402.12","reported"
"samyang","삼양식품","ramen","total","2014-Q1","51315448","54274136679","11877413.42","415","844","54274136679","90","90","54399561342.520004","false","1","54399561342.520004","reported"
"samyang","삼양식품","ramen","total","2014-Q2","54168559","55424286318","12487114.16","420","870","55424286318","91","90","54833381519.259995","false","0.989","54833381519.259995","reported"
"samyang","삼양식품","ramen","total","2014-Q3","49160974","49894288432","11421189.2","441","861","49894288432","92","90","48847576128.8","false","0.9783","48847576128.8","reported"
"samyang","삼양식품","ramen","total","2014-Q4","53809550","57665600834","13015333.200000001","459","949","57665600834","92","90","56462315753.39","false","0.9783","56462315753.39","reported"
"samyang","삼양식품","ramen","total","2015-Q1","50767634","55282635699","12549540.899999999","416","858","55282635699","90","90","55204622040.06999","false","1","55204622040.06999","reported"
"samyang","삼양식품","ramen","total","2015-Q2","53066752","57710484249","13198202.600000001","452","928","57710484249","91","90","57189619100.39","false","0.989","57189619100.39","reported"
"samyang","삼양식품","ramen","total","2015-Q3","54211181","62542167705","13726797.5","497","973","62542167705","92","90","61268174714.26","false","0.9783","61268174714.26","reported"
"samyang","삼양식품","ramen","total","2015-Q4","60753896","69649283389","15903447.4","515","1014","69649283389","92","90","68179859403","false","0.9783","68179859403","reported"
"samyang","삼양식품","ramen","total","2016-Q1","56769990","67600189654","15264674.3","521","997","67600189654","91","90","66832315934.009995","false","0.989","66832315934.009995","reported"
"samyang","삼양식품","ramen","total","2016-Q2","65909013","75889873530","18002297.735","532","1029","75889873530","91","90","75046756611.84","false","0.989","75046756611.84","reported"
"samyang","삼양식품","ramen","total","2016-Q3","79859159","88964883519","21832097.303999998","575","1105","88964883519","92","90","87075007094.73999","false","0.9783","87075007094.73999","reported"
"samyang","삼양식품","ramen","total","2016-Q4","87827370","99891573141","24486513.641","581","1155","99891573141","92","90","97776167184.84","false","0.9783","97776167184.84","reported"
"samyang","삼양식품","ramen","total","2017-Q1","93927586","107780437360","26584734.432","529","1113","107780437360","90","90","108320405685.38","false","1","108320405685.38","reported"
"samyang","삼양식품","ramen","total","2017-Q2","80893937","90342100791","22613183.496999998","492","1206","90342100791","91","90","89521109929.26","false","0.989","89521109929.26","reported"
"samyang","삼양식품","ramen","total","2017-Q3","100293164","112450617294","29767172.642","492","1150","112450617294","92","90","110321692070.55","false","0.9783","110321692070.55","reported"
"samyang","삼양식품","ramen","total","2017-Q4","105876058","116521467731","31149917.942","462","1082","116521467731","92","90","114233258291.29001","false","0.9783","114233258291.29001","reported"
"samyang","삼양식품","ramen","total","2018-Q1","100065262","106236500006","28216653.504","424","1065","106236500006","90","90","106009575410.6","false","1","106009575410.6","reported"
"samyang","삼양식품","ramen","total","2018-Q2","116118225","123853381834","33055483.748999998","461","1143","123853381834","91","90","122538887498.84","false","0.989","122538887498.84","reported"
"samyang","삼양식품","ramen","total","2018-Q3","95549023","106154054689","26314694.603","472","1108","106154054689","92","90","103838623682.97","false","0.9783","103838623682.97","reported"
"samyang","삼양식품","ramen","total","2018-Q4","101361585","113169590564","28389984.228","468","1154","113169590564","92","90","110748894621.48","false","0.9783","110748894621.48","reported"
"samyang","삼양식품","ramen","total","2019-Q1","103591405","115396670758","29875706.064999998","433","1102","115396670758","90","90","115116177327.44","false","1","115116177327.44","reported"
"samyang","삼양식품","ramen","total","2019-Q2","116282869","134126244089","34065685.752000004","475","1210","134126244089","91","90","132639461988.42","false","0.989","132639461988.42","reported"
"samyang","삼양식품","ramen","total","2019-Q3","115307156","136082225958","33727947.772","475","1218","136082225958","92","90","133169937175.51999","false","0.9783","133169937175.51999","reported"
"samyang","삼양식품","ramen","total","2019-Q4","131814531","153871561571","39615225.256","485","1291","153871561571","92","90","150612908131.58002","false","0.9783","150612908131.58002","reported"
"samyang","삼양식품","ramen","total","2020-Q1","132045785","155583616753","39291577.28","481","1313","155583616753","91","90","153899369960.52","false","0.989","153899369960.52","reported"
"samyang","삼양식품","ramen","total","2020-Q2","170030568","206037283076","50883924.355","520","1401","206037283076","91","90","203872713890.68","false","0.989","203872713890.68","reported"
"samyang","삼양식품","ramen","total","2020-Q3","154670044","182466193479","45894829.323","552","1439","182466193479","92","90","178520237212.04","false","0.9783","178520237212.04","reported"
"samyang","삼양식품","ramen","total","2020-Q4","146827570","163470025504","41251805.608","554","1435","163470025504","92","90","159827510809.65","false","0.9783","159827510809.65","reported"
"samyang","삼양식품","ramen","total","2021-Q1","156977444","172818294141","45085724.66599999","485","1366","172818294141","90","90","172527166962.38","false","1","172527166962.38","reported"
"samyang","삼양식품","ramen","total","2021-Q2","162711121","180691079373","46554299.151","566","1478","180691079373","91","90","178852229933.84","false","0.989","178852229933.84","reported"
"samyang","삼양식품","ramen","total","2021-Q3","161786085","185061304714","46845696.974","535","1534","185061304714","92","90","181273285160.8","false","0.9783","181273285160.8","reported"
"samyang","삼양식품","ramen","total","2021-Q4","192928652","226005636363","55728633.324999996","565","1541","226005636363","92","90","221191897631.75","false","0.9783","221191897631.75","reported"
"samyang","삼양식품","ramen","total","2022-Q1","181931978","216794793626","50969715.015","535","1357","216794793626","90","90","216292997056.16998","false","1","216292997056.16998","reported"
"samyang","삼양식품","ramen","total","2022-Q2","201351768","250442027988","56645689.436000004","611","1492","250442027988","91","90","247337187323.47998","false","0.989","247337187323.47998","reported"
"samyang","삼양식품","ramen","total","2022-Q3","184851903","243947308752","51144961.091","635","1513","243947308752","92","90","238911103211.65002","false","0.9783","238911103211.65002","reported"
"samyang","삼양식품","ramen","total","2022-Q4","197277324","270643263767","57193044.392000005","631","1538","270643263767","92","90","264864979248.38","false","0.9783","264864979248.38","reported"
"samyang","삼양식품","ramen","total","2023-Q1","207858308","264812638898","55393362.7","588","1515","264812638898","90","90","265465368692.07996","false","1","265465368692.07996","reported"
"samyang","삼양식품","ramen","total","2023-Q2","238190265","312784464041","60115201.773","641","1614","312784464041","91","90","309558084582.1","false","0.989","309558084582.1","reported"
"samyang","삼양식품","ramen","total","2023-Q3","251184220","329447166360","63142512.757999994","644","1579","329447166360","92","90","322656343219.35","false","0.9783","322656343219.35","reported"
"samyang","삼양식품","ramen","total","2023-Q4","255169915","338400949147","65555936.611999996","664","1599","338400949147","92","90","331361162767.94","false","0.9783","331361162767.94","reported"
"samyang","삼양식품","ramen","total","2024-Q1","270262273","358195461662","67286821.777","658","1559","358195461662","91","90","354901885352.24","false","0.989","354901885352.24","reported"
"samyang","삼양식품","ramen","total","2024-Q2","319957051","437315339248","79292197.741","686","1634","437315339248","91","90","432580656720.29004","false","0.989","432580656720.29004","reported"
"samyang","삼양식품","ramen","total","2024-Q3","313430604","426763832181","77245585.157","693","1591","426763832181","92","90","417461037235.29","false","0.9783","417461037235.29","reported"
"samyang","삼양식품","ramen","total","2024-Q4","344735157","477303557644","86620354.684","731","1630","477303557644","92","90","467176451309.64996","false","0.9783","467176451309.64996","reported"
"samyang","삼양식품","ramen","total","2025-Q1","343815643","499231143635","85403899.957","688","1578","499231143635","90","90","501282596815.88","false","1","501282596815.88","reported"
"samyang","삼양식품","ramen","total","2025-Q2","387811695","547035765161","92917145.57000001","706","1621","547035765161","91","90","541275756764.68","false","0.989","541275756764.68","reported"
"samyang","삼양식품","ramen","total","2025-Q3","393369667","544059444575","97557849.15599999","714","1652","544059444575","92","90","533109861883.25","false","0.9783","533109861883.25","reported"
"samyang","삼양식품","ramen","total","2025-Q4","395858129","572060443361","98433649.917","746","1654","572060443361","92","90","559493395686.58","false","0.9783","559493395686.58","reported"
"samyang","삼양식품","ramen","total","2026-Q1","434519016","634030108653","104839402.51699999","701","1666","634030108653","90","90","634630011768.97","false","1","634630011768.97","reported"
"samyang","삼양식품","ramen","total","2026-Q2","182104241","272029540643","43523804.446","264","592","272029540643","30","30","272029540643","false","1","272029540643","reported"
"samyang","삼양식품","ramen","us","2022-Q1","27153778","32259844515","7062006.71","0","0","32259844515","90","90","32192145327.14","false","1","32192145327.14","reported"
"samyang","삼양식품","ramen","us","2022-Q2","20729103","25665955370","4959705.17","0","0","25665955370","91","90","25410439066.84","false","0.989","25410439066.84","reported"
"samyang","삼양식품","ramen","us","2022-Q3","15858796","21015347406","3792697.9299999997","0","0","21015347406","92","90","20602100611.9","false","0.9783","20602100611.9","reported"
"samyang","삼양식품","ramen","us","2022-Q4","12419049","16978470126","3452055.34","0","0","16978470126","92","90","16612492332.23","false","0.9783","16612492332.23","reported"
"samyang","삼양식품","ramen","us","2023-Q1","22177391","28322019712","5196529.67","0","0","28322019712","90","90","28447217414.420002","false","1","28447217414.420002","reported"
"samyang","삼양식품","ramen","us","2023-Q2","41034865","53811618643","9641377.25","0","0","53811618643","91","90","53264247204.16","false","0.989","53264247204.16","reported"
"samyang","삼양식품","ramen","us","2023-Q3","33999814","44670160706","6499873.96","0","0","44670160706","92","90","43726581610.840004","false","0.9783","43726581610.840004","reported"
"samyang","삼양식품","ramen","us","2023-Q4","29375730","38899414823","5842792.149999999","0","0","38899414823","92","90","38059434507.04","false","0.9783","38059434507.04","reported"
"samyang","삼양식품","ramen","us","2024-Q1","47108911","62497786220","9012861.55","0","0","62497786220","91","90","62245283065.16","false","0.989","62245283065.16","reported"
"samyang","삼양식품","ramen","us","2024-Q2","52950595","72321477795","10422317.059999999","0","0","72321477795","91","90","71537600174.32","false","0.989","71537600174.32","reported"
"samyang","삼양식품","ramen","us","2024-Q3","57933144","78754909972","11292537.81","0","0","78754909972","92","90","77067046655.42","false","0.9783","77067046655.42","reported"
"samyang","삼양식품","ramen","us","2024-Q4","57623649","79926705411","11173283.09","0","0","79926705411","92","90","78192217826.51001","false","0.9783","78192217826.51001","reported"
"samyang","삼양식품","ramen","us","2025-Q1","62314461","90455511432","12333994.469999999","0","0","90455511432","90","90","90703462265.36","false","1","90703462265.36","reported"
"samyang","삼양식품","ramen","us","2025-Q2","78572611","110603548914","15340637.17","0","0","110603548914","91","90","109524295734.70999","false","0.989","109524295734.70999","reported"
"samyang","삼양식품","ramen","us","2025-Q3","53877301","74572744201","10914960.74","0","0","74572744201","92","90","73123713701.19","false","0.9783","73123713701.19","reported"
"samyang","삼양식품","ramen","us","2025-Q4","59979932","86706379455","12753277.059999999","0","0","86706379455","92","90","84710127721.39","false","0.9783","84710127721.39","reported"
"samyang","삼양식품","ramen","us","2026-Q1","77186309","112613822149","16683740.120000001","0","0","112613822149","90","90","112892554633.82999","false","1","112892554633.82999","reported"
"samyang","삼양식품","ramen","us","2026-Q2","68455987","101642282280","14127310.963","0","0","101642282280","61","60","100455496402.42","false","0.9836","100455496402.42","reported"
"samyang","삼양식품","sauce","cn","2022-Q1","5827796","6936640568","2852341.46","0","0","6936640568","90","90","6973555161.23","false","1","6973555161.23","reported"
"samyang","삼양식품","sauce","cn","2022-Q2","5803825","7223145446","2816828.23","0","0","7223145446","91","90","7126877186.389999","false","0.989","7126877186.389999","reported"
"samyang","삼양식품","sauce","cn","2022-Q3","6152746","8110334998","3105317.96","0","0","8110334998","92","90","7939195578.74","false","0.9783","7939195578.74","reported"
"samyang","삼양식품","sauce","cn","2022-Q4","7065783","9690682387","3359554.75","0","0","9690682387","92","90","9467483248.49","false","0.9783","9467483248.49","reported"
"samyang","삼양식품","sauce","cn","2023-Q1","6178592","7879524246","2555684.9","0","0","7879524246","90","90","7932437057.6","false","1","7932437057.6","reported"
"samyang","삼양식품","sauce","cn","2023-Q2","6454441","8488211721","2867046.0300000003","0","0","8488211721","91","90","8382415608.48","false","0.989","8382415608.48","reported"
"samyang","삼양식품","sauce","cn","2023-Q3","8551450","11225727561","3964075.09","0","0","11225727561","92","90","11012823108.45","false","0.9783","11012823108.45","reported"
"samyang","삼양식품","sauce","cn","2023-Q4","8482481","11248810389","3743290.91","0","0","11248810389","92","90","11016573229.39","false","0.9783","11016573229.39","reported"
"samyang","삼양식품","sauce","cn","2024-Q1","7382884","9768518663","3176907.0599999996","0","0","9768518663","91","90","9621717080.73","false","0.989","9621717080.73","reported"
"samyang","삼양식품","sauce","cn","2024-Q2","7977228","10915492304","3195417.6","0","0","10915492304","91","90","10811853714.65","false","0.989","10811853714.65","reported"
"samyang","삼양식품","sauce","cn","2024-Q3","9489758","12928530923","3943071.54","0","0","12928530923","92","90","12637251325.939999","false","0.9783","12637251325.939999","reported"
"samyang","삼양식품","sauce","cn","2024-Q4","11273700","15631389811","4175989.83","0","0","15631389811","92","90","15278693363.58","false","0.9783","15278693363.58","reported"
"samyang","삼양식품","sauce","cn","2025-Q1","8875764","12903379979","3333902.66","0","0","12903379979","90","90","12878939401.869999","false","1","12878939401.869999","reported"
"samyang","삼양식품","sauce","cn","2025-Q2","13780268","19435005310","4228762.93","0","0","19435005310","91","90","19193027364.84","false","0.989","19193027364.84","reported"
"samyang","삼양식품","sauce","cn","2025-Q3","11840235","16369132774","4232938.24","0","0","16369132774","92","90","16021743724.84","false","0.9783","16021743724.84","reported"
"samyang","삼양식품","sauce","cn","2025-Q4","11046806","15956034636","4087840.4099999997","0","0","15956034636","92","90","15594401066.91","false","0.9783","15594401066.91","reported"
"samyang","삼양식품","sauce","cn","2026-Q1","8201093","11962083663","3133028.8899999997","0","0","11962083663","90","90","11896867284.47","false","1","11896867284.47","reported"
"samyang","삼양식품","sauce","cn","2026-Q2","6871943","10208417719","1933652.6379999998","0","0","10208417719","61","60","10103349903.84","false","0.9836","10103349903.84","reported"
"samyang","삼양식품","sauce","total","1996-Q1","329291","256458024","111924","35","0","256458024","91","90","254387831.41","false","0.989","254387831.41","reported"
"samyang","삼양식품","sauce","total","1996-Q2","234649","184440664","74427","25","0","184440664","91","90","182521137.29","false","0.989","182521137.29","reported"
"samyang","삼양식품","sauce","total","1996-Q3","554071","450690968","188672","30","0","450690968","92","90","439872198.87","false","0.9783","439872198.87","reported"
"samyang","삼양식품","sauce","total","1996-Q4","274373","227173342","86353","25","0","227173342","92","90","223269670.25","false","0.9783","223269670.25","reported"
"samyang","삼양식품","sauce","total","1997-Q1","296824","255950272","85037","25","0","255950272","90","90","256857495.59","false","1","256857495.59","reported"
"samyang","삼양식품","sauce","total","1997-Q2","297984","264993931","101784","20","0","264993931","91","90","262466765.45","false","0.989","262466765.45","reported"
"samyang","삼양식품","sauce","total","1997-Q3","275686","245521012","106686","19","0","245521012","92","90","239269007.03","false","0.9783","239269007.03","reported"
"samyang","삼양식품","sauce","total","1997-Q4","359656","373161426","126693","25","0","373161426","92","90","366879223.03","false","0.9783","366879223.03","reported"
"samyang","삼양식품","sauce","total","1998-Q1","243955","375447552","103570","25","0","375447552","90","90","368014166.33000004","false","1","368014166.33000004","reported"
"samyang","삼양식품","sauce","total","1998-Q2","365430","500657405","156565","24","0","500657405","91","90","500461158.58","false","0.989","500461158.58","reported"
"samyang","삼양식품","sauce","total","1998-Q3","204817","269287924","87997","28","0","269287924","92","90","264150913.42","false","0.9783","264150913.42","reported"
"samyang","삼양식품","sauce","total","1998-Q4","226906","284997495","98060","31","0","284997495","92","90","279872287.35","false","0.9783","279872287.35","reported"
"samyang","삼양식품","sauce","total","1999-Q1","217907","257526973","79550","26","0","257526973","90","90","262595090.36","false","1","262595090.36","reported"
"samyang","삼양식품","sauce","total","1999-Q2","353353","417138333","127189","45","0","417138333","91","90","414958866.48","false","0.989","414958866.48","reported"
"samyang","삼양식품","sauce","total","1999-Q3","217528","257353209","83990","35","0","257353209","92","90","254238435.97","false","0.9783","254238435.97","reported"
"samyang","삼양식품","sauce","total","1999-Q4","555620","646117562","192902","51","0","646117562","92","90","632277866.1","false","0.9783","632277866.1","reported"
"samyang","삼양식품","sauce","total","2000-Q1","696098","776400815","240932","52","17","776400815","91","90","764376812.54","false","0.989","764376812.54","reported"
"samyang","삼양식품","sauce","total","2000-Q2","658827","726748335","198308","65","23","726748335","91","90","720572494.6800001","false","0.989","720572494.6800001","reported"
"samyang","삼양식품","sauce","total","2000-Q3","680180","750322518","264739","58","16","750322518","92","90","735714759.03","false","0.9783","735714759.03","reported"
"samyang","삼양식품","sauce","total","2000-Q4","676474","768676879","265209","63","7","768676879","92","90","755870441.49","false","0.9783","755870441.49","reported"
"samyang","삼양식품","sauce","total","2001-Q1","1098362","1377460210","424535","63","23","1377460210","90","90","1360292623.48","false","1","1360292623.48","reported"
"samyang","삼양식품","sauce","total","2001-Q2","1025258","1327781495","364615","69","15","1327781495","91","90","1315211483.48","false","0.989","1315211483.48","reported"
"samyang","삼양식품","sauce","total","2001-Q3","1522614","1952943630","536001.1","79","26","1952943630","92","90","1904432759.58","false","0.9783","1904432759.58","reported"
"samyang","삼양식품","sauce","total","2001-Q4","528749","676452400","152335.9","59","29","676452400","92","90","658932263.93","false","0.9783","658932263.93","reported"
"samyang","삼양식품","sauce","total","2002-Q1","579939","756805355","197983.90000000002","50","13","756805355","90","90","763375277.14","false","1","763375277.14","reported"
"samyang","삼양식품","sauce","total","2002-Q2","852870","1082673745","243330.90000000002","74","29","1082673745","91","90","1075035939.13","false","0.989","1075035939.13","reported"
"samyang","삼양식품","sauce","total","2002-Q3","826861","979029395","218574.59999999998","60","21","979029395","92","90","956367247.94","false","0.9783","956367247.94","reported"
"samyang","삼양식품","sauce","total","2002-Q4","1006033","1222755845","279971.9","63","24","1222755845","92","90","1195369566.42","false","0.9783","1195369566.42","reported"
"samyang","삼양식품","sauce","total","2003-Q1","716132","848015642","381310.3","67","25","848015642","90","90","845409641.96","false","1","845409641.96","reported"
"samyang","삼양식품","sauce","total","2003-Q2","594971","717499184","204367.3","77","22","717499184","91","90","711482932.48","false","0.989","711482932.48","reported"
"samyang","삼양식품","sauce","total","2003-Q3","1004950","1170619802","369741.9","69","16","1170619802","92","90","1150100814.52","false","0.9783","1150100814.52","reported"
"samyang","삼양식품","sauce","total","2003-Q4","1045511","1216765206","334624.69999999995","80","25","1216765206","92","90","1188679265.55","false","0.9783","1188679265.55","reported"
"samyang","삼양식품","sauce","total","2004-Q1","1176480","1367548011","310850.5","84","26","1367548011","91","90","1349456350.18","false","0.989","1349456350.18","reported"
"samyang","삼양식품","sauce","total","2004-Q2","1749415","2022048079","464338.1","112","32","2022048079","91","90","1993463439.13","false","0.989","1993463439.13","reported"
"samyang","삼양식품","sauce","total","2004-Q3","2354677","2695210057","566182.6","117","24","2695210057","92","90","2636354127.7799997","false","0.9783","2636354127.7799997","reported"
"samyang","삼양식품","sauce","total","2004-Q4","1865841","2043296546","518268.60000000003","109","24","2043296546","92","90","2005999987.48","false","0.9783","2005999987.48","reported"
"samyang","삼양식품","sauce","total","2005-Q1","1275943","1292840808","470223.5","93","27","1292840808","90","90","1281448852.1599998","false","1","1281448852.1599998","reported"
"samyang","삼양식품","sauce","total","2005-Q2","1644134","1642886767","710381.7","104","15","1642886767","91","90","1626950871.42","false","0.989","1626950871.42","reported"
"samyang","삼양식품","sauce","total","2005-Q3","1474012","1502398265","551525.6","104","19","1502398265","92","90","1470385119.65","false","0.9783","1470385119.65","reported"
"samyang","삼양식품","sauce","total","2005-Q4","1848326","1897445926","534879","105","24","1897445926","92","90","1847288058.23","false","0.9783","1847288058.23","reported"
"samyang","삼양식품","sauce","total","2006-Q1","3119770","3021972476","913895.5","122","24","3021972476","90","90","3038766852.83","false","1","3038766852.83","reported"
"samyang","삼양식품","sauce","total","2006-Q2","4324781","4071316398","1157370.9","117","24","4071316398","91","90","4028958676.9","false","0.989","4028958676.9","reported"
"samyang","삼양식품","sauce","total","2006-Q3","3846470","3642209014","1234483.2999999998","122","24","3642209014","92","90","3565859104.16","false","0.9783","3565859104.16","reported"
"samyang","삼양식품","sauce","total","2006-Q4","4625056","4295646220","1134235.1","123","23","4295646220","92","90","4199978725.6099997","false","0.9783","4199978725.6099997","reported"
"samyang","삼양식품","sauce","total","2007-Q1","4433923","4121836240","1089074.4","134","33","4121836240","90","90","4093482355.44","false","1","4093482355.44","reported"
"samyang","삼양식품","sauce","total","2007-Q2","6274110","5775611749","1669118.9","154","33","5775611749","91","90","5703551548.29","false","0.989","5703551548.29","reported"
"samyang","삼양식품","sauce","total","2007-Q3","4577498","4203812117","1224836.6","131","36","4203812117","92","90","4106626510.84","false","0.9783","4106626510.84","reported"
"samyang","삼양식품","sauce","total","2007-Q4","5565197","5071552983","1284222.1","174","61","5071552983","92","90","4955671490.13","false","0.9783","4955671490.13","reported"
"samyang","삼양식품","sauce","total","2008-Q1","6566648","6181332609","1425713.9","163","65","6181332609","91","90","6110950878.59","false","0.989","6110950878.59","reported"
"samyang","삼양식품","sauce","total","2008-Q2","5999466","6013901937","1415230.1","188","165","6013901937","91","90","5945954148.35","false","0.989","5945954148.35","reported"
"samyang","삼양식품","sauce","total","2008-Q3","5611543","5838564913","1202707.5","174","212","5838564913","92","90","5706572144.71","false","0.9783","5706572144.71","reported"
"samyang","삼양식품","sauce","total","2008-Q4","3365836","4520492467","897253","172","222","4520492467","92","90","4422723953.58","false","0.9783","4422723953.58","reported"
"samyang","삼양식품","sauce","total","2009-Q1","2868187","4010330883","849871.2000000001","173","242","4010330883","90","90","4010846474.46","false","1","4010846474.46","reported"
"samyang","삼양식품","sauce","total","2009-Q2","5461724","6976742398","1536931.1","206","310","6976742398","91","90","6901103116.55","false","0.989","6901103116.55","reported"
"samyang","삼양식품","sauce","total","2009-Q3","5084790","6269075867","1603245.4","210","349","6269075867","92","90","6152818709.61","false","0.9783","6152818709.61","reported"
"samyang","삼양식품","sauce","total","2009-Q4","5481046","6343335147","1525469.5","221","370","6343335147","92","90","6216893338.22","false","0.9783","6216893338.22","reported"
"samyang","삼양식품","sauce","total","2010-Q1","6205029","7030801240","1783403.4","245","404","7030801240","90","90","7014651065.809999","false","1","7014651065.809999","reported"
"samyang","삼양식품","sauce","total","2010-Q2","6737344","7732922707","2064029.8","234","425","7732922707","91","90","7665017592.23","false","0.989","7665017592.23","reported"
"samyang","삼양식품","sauce","total","2010-Q3","6100819","7180797983","1901108.5","225","413","7180797983","92","90","7019340447.450001","false","0.9783","7019340447.450001","reported"
"samyang","삼양식품","sauce","total","2010-Q4","7522945","8447010651","1936336.4000000001","244","448","8447010651","92","90","8256647420.639999","false","0.9783","8256647420.639999","reported"
"samyang","삼양식품","sauce","total","2011-Q1","9150135","10167140426","2460742.2","255","456","10167140426","90","90","10151734287.41","false","1","10151734287.41","reported"
"samyang","삼양식품","sauce","total","2011-Q2","9135894","9828342527","2427336.9","279","483","9828342527","91","90","9717390516.58","false","0.989","9717390516.58","reported"
"samyang","삼양식품","sauce","total","2011-Q3","9390257","10015961230","2310724.9","281","465","10015961230","92","90","9798911553.71","false","0.9783","9798911553.71","reported"
"samyang","삼양식품","sauce","total","2011-Q4","11646208","13229579822","2420466.5","309","499","13229579822","92","90","12931922072.26","false","0.9783","12931922072.26","reported"
"samyang","삼양식품","sauce","total","2012-Q1","10897721","12213883644","2593959.7","277","479","12213883644","91","90","12097381929.28","false","0.989","12097381929.28","reported"
"samyang","삼양식품","sauce","total","2012-Q2","11756312","13375651042","2681416.4000000004","276","517","13375651042","91","90","13236313753.71","false","0.989","13236313753.71","reported"
"samyang","삼양식품","sauce","total","2012-Q3","11859647","13338129436","2951206.4","270","540","13338129436","92","90","13054251450.16","false","0.9783","13054251450.16","reported"
"samyang","삼양식품","sauce","total","2012-Q4","10395320","11257538306","2595929.3","305","535","11257538306","92","90","10997672136.94","false","0.9783","10997672136.94","reported"
"samyang","삼양식품","sauce","total","2013-Q1","12424982","13313988683","2982554","314","573","13313988683","90","90","13308833288.43","false","1","13308833288.43","reported"
"samyang","삼양식품","sauce","total","2013-Q2","13352278","14816559714","3516719.8999999994","344","597","14816559714","91","90","14682663349.74","false","0.989","14682663349.74","reported"
"samyang","삼양식품","sauce","total","2013-Q3","12062911","13341344271","3292653.5","365","645","13341344271","92","90","13046085041.81","false","0.9783","13046085041.81","reported"
"samyang","삼양식품","sauce","total","2013-Q4","14353347","15109663742","3508418.4999999995","393","714","15109663742","92","90","14794562108.94","false","0.9783","14794562108.94","reported"
"samyang","삼양식품","sauce","total","2014-Q1","15638329","16543880895","4036549.1","393","708","16543880895","90","90","16531503708.53","false","1","16531503708.53","reported"
"samyang","삼양식품","sauce","total","2014-Q2","17863897","18313715098","4658532.8","445","775","18313715098","91","90","18136700352.61","false","0.989","18136700352.61","reported"
"samyang","삼양식품","sauce","total","2014-Q3","17548143","17811891469","4622317.3","465","808","17811891469","92","90","17441881675.38","false","0.9783","17441881675.38","reported"
"samyang","삼양식품","sauce","total","2014-Q4","17042492","18247471884","4569829.4","470","814","18247471884","92","90","17830472519.16","false","0.9783","17830472519.16","reported"
"samyang","삼양식품","sauce","total","2015-Q1","17674910","19246827301","4802102.8","477","841","19246827301","90","90","19118989833.94","false","1","19118989833.94","reported"
"samyang","삼양식품","sauce","total","2015-Q2","18801614","20429908732","5482982.5","521","873","20429908732","91","90","20224187653.58","false","0.989","20224187653.58","reported"
"samyang","삼양식품","sauce","total","2015-Q3","16948964","19555734164","5113904.9","570","961","19555734164","92","90","19150296344.74","false","0.9783","19150296344.74","reported"
"samyang","삼양식품","sauce","total","2015-Q4","20676562","23742520416","5877409.5","583","999","23742520416","92","90","23211054421.36","false","0.9783","23211054421.36","reported"
"samyang","삼양식품","sauce","total","2016-Q1","19830667","23598831080","5848918","588","969","23598831080","91","90","23330665211.34","false","0.989","23330665211.34","reported"
"samyang","삼양식품","sauce","total","2016-Q2","19986884","22996895434","5865935.605","594","1048","22996895434","91","90","22775681577.29","false","0.989","22775681577.29","reported"
"samyang","삼양식품","sauce","total","2016-Q3","22870158","25464345473","6604084.328","617","1088","25464345473","92","90","24933393687.09","false","0.9783","24933393687.09","reported"
"samyang","삼양식품","sauce","total","2016-Q4","22809661","25933690087","6927927.845","615","1148","25933690087","92","90","25384459194.32","false","0.9783","25384459194.32","reported"
"samyang","삼양식품","sauce","total","2017-Q1","23815778","27312423637","6687470.294","624","1167","27312423637","90","90","27452628636.15","false","1","27452628636.15","reported"
"samyang","삼양식품","sauce","total","2017-Q2","23509480","26274525040","7066326.6049999995","636","1177","26274525040","91","90","26010782782","false","0.989","26010782782","reported"
"samyang","삼양식품","sauce","total","2017-Q3","25701821","28825084919","7787242.435","687","1314","28825084919","92","90","28211995528.68","false","0.9783","28211995528.68","reported"
"samyang","삼양식품","sauce","total","2017-Q4","32186911","35463078030","6308720.245","621","1195","35463078030","92","90","34956142936.67","false","0.9783","34956142936.67","reported"
"samyang","삼양식품","sauce","total","2018-Q1","28370908","30108071923","7772516.630000001","656","1229","30108071923","90","90","29966255929.64","false","1","29966255929.64","reported"
"samyang","삼양식품","sauce","total","2018-Q2","26818549","28548265164","7746721.334000001","669","1241","28548265164","91","90","28224794042.55","false","0.989","28224794042.55","reported"
"samyang","삼양식품","sauce","total","2018-Q3","26885756","29866585138","7674671.557","695","1316","29866585138","92","90","29210589493.84","false","0.9783","29210589493.84","reported"
"samyang","삼양식품","sauce","total","2018-Q4","27535189","30743902613","8101162.705","716","1345","30743902613","92","90","30085763392","false","0.9783","30085763392","reported"
"samyang","삼양식품","sauce","total","2019-Q1","26904942","29962732797","7571189.711000001","679","1295","29962732797","90","90","29941528930.61","false","1","29941528930.61","reported"
"samyang","삼양식품","sauce","total","2019-Q2","31650837","36512946893","9192242.839","757","1410","36512946893","91","90","36112100681.13","false","0.989","36112100681.13","reported"
"samyang","삼양식품","sauce","total","2019-Q3","32329142","38146356870","9886999.06","744","1403","38146356870","92","90","37343088842.64","false","0.9783","37343088842.64","reported"
"samyang","삼양식품","sauce","total","2019-Q4","34390914","40113221639","10471034.182","833","1510","40113221639","92","90","39283511248.61","false","0.9783","39283511248.61","reported"
"samyang","삼양식품","sauce","total","2020-Q1","35602809","41940785457","10245433.735","768","1388","41940785457","91","90","41436368777.45","false","0.989","41436368777.45","reported"
"samyang","삼양식품","sauce","total","2020-Q2","38564177","46716593048","11565716.08","790","1402","46716593048","91","90","46267188051.9","false","0.989","46267188051.9","reported"
"samyang","삼양식품","sauce","total","2020-Q3","45126284","53219758278","15033440.126000002","903","1638","53219758278","92","90","52109212333","false","0.9783","52109212333","reported"
"samyang","삼양식품","sauce","total","2020-Q4","48029090","53416887805","15364609.285","951","1726","53416887805","92","90","52246547166.32","false","0.9783","52246547166.32","reported"
"samyang","삼양식품","sauce","total","2021-Q1","50340382","55412734437","14506086.134999998","924","1730","55412734437","90","90","55272996987.100006","false","1","55272996987.100006","reported"
"samyang","삼양식품","sauce","total","2021-Q2","53001047","58850907048","14835096.887","974","1803","58850907048","91","90","58209741706.65","false","0.989","58209741706.65","reported"
"samyang","삼양식품","sauce","total","2021-Q3","48669115","55629419195","14800649.074","953","1854","55629419195","92","90","54379489751.45","false","0.9783","54379489751.45","reported"
"samyang","삼양식품","sauce","total","2021-Q4","49270205","57711282499","15046352.673","997","1923","57711282499","92","90","56447646795.97","false","0.9783","56447646795.97","reported"
"samyang","삼양식품","sauce","total","2022-Q1","48628343","57921564780","14487866.709000003","876","1666","57921564780","90","90","57839877321.73999","false","1","57839877321.73999","reported"
"samyang","삼양식품","sauce","total","2022-Q2","51333310","63743283928","14672811.489","907","1676","63743283928","91","90","62999254305.81","false","0.989","62999254305.81","reported"
"samyang","삼양식품","sauce","total","2022-Q3","47939540","63166375812","14459487.205000002","924","1646","63166375812","92","90","61817171551.68","false","0.9783","61817171551.68","reported"
"samyang","삼양식품","sauce","total","2022-Q4","49395206","67893002404","13853081.792999998","956","1700","67893002404","92","90","66421264732.42","false","0.9783","66421264732.42","reported"
"samyang","삼양식품","sauce","total","2023-Q1","48071461","61173316859","13022701.96","913","1666","61173316859","90","90","61306464783.08","false","1","61306464783.08","reported"
"samyang","삼양식품","sauce","total","2023-Q2","48119395","63256798558","13465053.4","992","1788","63256798558","91","90","62579649751.71","false","0.989","62579649751.71","reported"
"samyang","삼양식품","sauce","total","2023-Q3","50802626","66567996182","15225505.336","1047","1857","66567996182","92","90","65181142807.51","false","0.9783","65181142807.51","reported"
"samyang","삼양식품","sauce","total","2023-Q4","54049045","71638930832","14933499.759999998","1044","1840","71638930832","92","90","70115514868.07","false","0.9783","70115514868.07","reported"
"samyang","삼양식품","sauce","total","2024-Q1","48841206","64682070274","13519750.829","1010","1765","64682070274","91","90","63908337124.869995","false","0.989","63908337124.869995","reported"
"samyang","삼양식품","sauce","total","2024-Q2","57239863","78246631623","15593498.708","1114","1966","78246631623","91","90","77438473543.23","false","0.989","77438473543.23","reported"
"samyang","삼양식품","sauce","total","2024-Q3","55179687","75190143045","15680256.519","1110","1962","75190143045","92","90","73514182113.03","false","0.9783","73514182113.03","reported"
"samyang","삼양식품","sauce","total","2024-Q4","58551195","81064189030","16005631.150999999","1158","2095","81064189030","92","90","79345745140.83","false","0.9783","79345745140.83","reported"
"samyang","삼양식품","sauce","total","2025-Q1","58550164","85018577624","15156862.685999999","1099","1896","85018577624","90","90","85245142788.63","false","1","85245142788.63","reported"
"samyang","삼양식품","sauce","total","2025-Q2","63870770","90142237243","16894160.801","1167","1996","90142237243","91","90","89141258372.42","false","0.989","89141258372.42","reported"
"samyang","삼양식품","sauce","total","2025-Q3","60193820","83233220212","17264121.054","1225","2111","83233220212","92","90","81534382650.87","false","0.9783","81534382650.87","reported"
"samyang","삼양식품","sauce","total","2025-Q4","55634269","80515394951","16017618.976999998","1234","2067","80515394951","92","90","78768817974.45999","false","0.9783","78768817974.45999","reported"
"samyang","삼양식품","sauce","total","2026-Q1","57917100","84512088510","15403464.831","1192","2029","84512088510","90","90","84449330080.1","false","1","84449330080.1","reported"
"samyang","삼양식품","sauce","total","2026-Q2","23116420","34522588714","5839877.769","431","737","34522588714","30","30","34522588714","false","1","34522588714","reported"
"samyang","삼양식품","sauce","us","2022-Q1","12334470","14695731776","2922453.87","0","0","14695731776","90","90","14594761626.49","false","1","14594761626.49","reported"
"samyang","삼양식품","sauce","us","2022-Q2","12465953","15451076749","2627271.95","0","0","15451076749","91","90","15292519335.130001","false","0.989","15292519335.130001","reported"
"samyang","삼양식품","sauce","us","2022-Q3","8224255","10826925245","1843577.79","0","0","10826925245","92","90","10591204262.06","false","0.9783","10591204262.06","reported"
"samyang","삼양식품","sauce","us","2022-Q4","8544974","11695912437","2074550.42","0","0","11695912437","92","90","11426038638.42","false","0.9783","11426038638.42","reported"
"samyang","삼양식품","sauce","us","2023-Q1","7919910","10089722123","1964337.45","0","0","10089722123","90","90","10124034422.619999","false","1","10124034422.619999","reported"
"samyang","삼양식품","sauce","us","2023-Q2","9134102","12009971133","2016784.44","0","0","12009971133","91","90","11888571369.58","false","0.989","11888571369.58","reported"
"samyang","삼양식품","sauce","us","2023-Q3","8588172","11251794088","2030723.5599999998","0","0","11251794088","92","90","11021314511.04","false","0.9783","11021314511.04","reported"
"samyang","삼양식품","sauce","us","2023-Q4","9448641","12504463794","2038570.76","0","0","12504463794","92","90","12244675363.48","false","0.9783","12244675363.48","reported"
"samyang","삼양식품","sauce","us","2024-Q1","8958754","11870397258","1918633.13","0","0","11870397258","91","90","11705998435.25","false","0.989","11705998435.25","reported"
"samyang","삼양식품","sauce","us","2024-Q2","12737272","17397977236","2782849.62","0","0","17397977236","91","90","17228695424.32","false","0.989","17228695424.32","reported"
"samyang","삼양식품","sauce","us","2024-Q3","10424156","14232621764","2501938.82","0","0","14232621764","92","90","13897487649.91","false","0.9783","13897487649.91","reported"
"samyang","삼양식품","sauce","us","2024-Q4","10562901","14590505579","2579089.9899999998","0","0","14590505579","92","90","14285919010.04","false","0.9783","14285919010.04","reported"
"samyang","삼양식품","sauce","us","2025-Q1","11160775","16199838165","2623322.22","0","0","16199838165","90","90","16270159096.760002","false","1","16270159096.760002","reported"
"samyang","삼양식품","sauce","us","2025-Q2","14559655","20549253914","3274212.2199999997","0","0","20549253914","91","90","20338850967.84","false","0.989","20338850967.84","reported"
"samyang","삼양식품","sauce","us","2025-Q3","10558704","14603979083","2625793.74","0","0","14603979083","92","90","14333498031.810001","false","0.9783","14333498031.810001","reported"
"samyang","삼양식품","sauce","us","2025-Q4","11179326","16205817027","2800224.7299999995","0","0","16205817027","92","90","15841053923.259998","false","0.9783","15841053923.259998","reported"
"samyang","삼양식품","sauce","us","2026-Q1","13510454","19705816322","2949752.5300000003","0","0","19705816322","90","90","19702921805.010002","false","1","19702921805.010002","reported"
"samyang","삼양식품","sauce","us","2026-Q2","8661462","12872319759","1804400.561","0","0","12872319759","61","60","12752000221.45","false","0.9836","12752000221.45","reported"
"tnl","티앤엘","patch","total","1996-Q1","36917","28643892","4091","0","0","28643892","29","30","29631612.41","false","1.0345","29631612.41","reported"
"tnl","티앤엘","patch","total","1996-Q2","99336","77645169","8989","0","0","77645169","61","60","76188454.61","false","0.9836","76188454.61","reported"
"tnl","티앤엘","patch","total","1996-Q3","33866","27499737","4014","0","0","27499737","92","90","26865252.58","false","0.9783","26865252.58","reported"
"tnl","티앤엘","patch","total","1996-Q4","37905","31251009","3731","0","0","31251009","61","60","31180358.42","false","0.9836","31180358.42","reported"
"tnl","티앤엘","patch","total","1997-Q1","39600","34333991","3285","0","0","34333991","28","30","36786418.93","false","1.0714","36786418.93","reported"
"tnl","티앤엘","patch","total","1997-Q2","17170","15198670","1818","0","0","15198670","30","30","15198670","false","1","15198670","reported"
"tnl","티앤엘","patch","total","1997-Q3","46316","41264272","6862","0","0","41264272","61","60","39968259.48","false","0.9836","39968259.48","reported"
"tnl","티앤엘","patch","total","1997-Q4","2030","1920928","33","0","0","1920928","30","30","1920928","false","1","1920928","reported"
"tnl","티앤엘","patch","total","1998-Q1","84213","123861084","11545","0","0","123861084","90","90","127006023.42999999","false","1","127006023.42999999","reported"
"tnl","티앤엘","patch","total","1998-Q2","57801","79376399","1936","0","0","79376399","91","90","79299511.22999999","false","0.989","79299511.22999999","reported"
"tnl","티앤엘","patch","total","1998-Q3","71395","94140303","7692","0","0","94140303","61","60","91490775.35","false","0.9836","91490775.35","reported"
"tnl","티앤엘","patch","total","1998-Q4","15996","21198015","650","0","0","21198015","92","90","20673137.55","false","0.9783","20673137.55","reported"
"tnl","티앤엘","patch","total","1999-Q1","112468","133683963","14507","0","0","133683963","90","90","129717003.94","false","1","129717003.94","reported"
"tnl","티앤엘","patch","total","1999-Q2","2280","2750432","86","0","0","2750432","30","30","2750432","false","1","2750432","reported"
"tnl","티앤엘","patch","total","1999-Q3","85070","100742359","8553","0","0","100742359","92","90","98784952.46000001","false","0.9783","98784952.46000001","reported"
"tnl","티앤엘","patch","total","1999-Q4","189674","221343518","8692","0","0","221343518","92","90","218087348.26","false","0.9783","218087348.26","reported"
"tnl","티앤엘","patch","total","2000-Q1","54454","60909400","2564","0","0","60909400","91","90","60954083.42","false","0.989","60954083.42","reported"
"tnl","티앤엘","patch","total","2000-Q2","91872","101240850","10182","0","0","101240850","91","90","99928445.39","false","0.989","99928445.39","reported"
"tnl","티앤엘","patch","total","2000-Q3","89474","98760061","4207","0","0","98760061","62","60","95574252.58","false","0.9677","95574252.58","reported"
"tnl","티앤엘","patch","total","2000-Q4","63269","72258280","6870","0","0","72258280","62","60","69927367.74","false","0.9677","69927367.74","reported"
"tnl","티앤엘","patch","total","2001-Q1","13523","17247265","1108","0","0","17247265","62","60","16690901.620000001","false","0.9677","16690901.620000001","reported"
"tnl","티앤엘","patch","total","2001-Q2","172685","224072235","13540","0","0","224072235","91","90","223962721","false","0.989","223962721","reported"
"tnl","티앤엘","patch","total","2001-Q3","112780","144231320","8613","0","0","144231320","92","90","140088490.70999998","false","0.9783","140088490.70999998","reported"
"tnl","티앤엘","patch","total","2001-Q4","184297","237456307","19296","0","0","237456307","92","90","233827158.74","false","0.9783","233827158.74","reported"
"tnl","티앤엘","patch","total","2002-Q1","119348","156074006","10620","0","0","156074006","90","90","151688988.11","false","1","151688988.11","reported"
"tnl","티앤엘","patch","total","2002-Q2","269605","340331115","11134","0","0","340331115","91","90","335512360.74","false","0.989","335512360.74","reported"
"tnl","티앤엘","patch","total","2002-Q3","83737","99412677","9113","0","0","99412677","92","90","97752613.65","false","0.9783","97752613.65","reported"
"tnl","티앤엘","patch","total","2002-Q4","365369","440931948","77545.2","5","0","440931948","92","90","431388156.80999994","false","0.9783","431388156.80999994","reported"
"tnl","티앤엘","patch","total","2003-Q1","415644","493196735","73808","0","0","493196735","90","90","491946047.79999995","false","1","491946047.79999995","reported"
"tnl","티앤엘","patch","total","2003-Q2","280463","338071924","46525","0","0","338071924","91","90","334169554","false","0.989","334169554","reported"
"tnl","티앤엘","patch","total","2003-Q3","462505","540281031","85379.2","12","0","540281031","92","90","529210892.2","false","0.9783","529210892.2","reported"
"tnl","티앤엘","patch","total","2003-Q4","602173","704526895","87401.5","10","0","704526895","92","90","688478273.13","false","0.9783","688478273.13","reported"
"tnl","티앤엘","patch","total","2004-Q1","565924","656529266","96253.2","11","0","656529266","91","90","645806121.23","false","0.989","645806121.23","reported"
"tnl","티앤엘","patch","total","2004-Q2","661151","762849208","118598.20000000001","10","0","762849208","91","90","752702240.48","false","0.989","752702240.48","reported"
"tnl","티앤엘","patch","total","2004-Q3","430883","492730873","99487.4","6","0","492730873","92","90","481415100.32","false","0.9783","481415100.32","reported"
"tnl","티앤엘","patch","total","2004-Q4","406948","442294403","62115","12","0","442294403","92","90","435402038.23","false","0.9783","435402038.23","reported"
"tnl","티앤엘","patch","total","2005-Q1","385246","390589589","72133","0","0","390589589","90","90","388107323.04999995","false","1","388107323.04999995","reported"
"tnl","티앤엘","patch","total","2005-Q2","473255","472577626","91276","5","0","472577626","91","90","468630985.42","false","0.989","468630985.42","reported"
"tnl","티앤엘","patch","total","2005-Q3","493196","504205226","62727.8","6","0","504205226","92","90","490424974.58","false","0.9783","490424974.58","reported"
"tnl","티앤엘","patch","total","2005-Q4","792085","815729603","43183.1","5","0","815729603","92","90","794819440.6700001","false","0.9783","794819440.6700001","reported"
"tnl","티앤엘","patch","total","2006-Q1","229725","223500298","11112.5","5","0","223500298","90","90","222013495.19","false","1","222013495.19","reported"
"tnl","티앤엘","patch","total","2006-Q2","282619","264610471","45999.7","0","0","264610471","91","90","261224109.84","false","0.989","261224109.84","reported"
"tnl","티앤엘","patch","total","2006-Q3","482137","456331084","49982.6","6","0","456331084","92","90","450355960.39","false","0.9783","450355960.39","reported"
"tnl","티앤엘","patch","total","2006-Q4","600753","556859872","50270.8","7","0","556859872","92","90","544363659.2","false","0.9783","544363659.2","reported"
"tnl","티앤엘","patch","total","2007-Q1","476135","441304221","36432.4","5","0","441304221","90","90","436496637.04","false","1","436496637.04","reported"
"tnl","티앤엘","patch","total","2007-Q2","303986","279699034","18361.4","0","0","279699034","91","90","276140529.74","false","0.989","276140529.74","reported"
"tnl","티앤엘","patch","total","2007-Q3","694464","639231865","48463.3","12","0","639231865","92","90","626730183.42","false","0.9783","626730183.42","reported"
"tnl","티앤엘","patch","total","2007-Q4","652059","590671427","17770","5","0","590671427","92","90","580362866","false","0.9783","580362866","reported"
"tnl","티앤엘","patch","total","2008-Q1","450878","422525591","38127.3","5","0","422525591","91","90","416113081.37","false","0.989","416113081.37","reported"
"tnl","티앤엘","patch","total","2008-Q2","695284","697575174","42165.6","6","5","697575174","91","90","684678561.94","false","0.989","684678561.94","reported"
"tnl","티앤엘","patch","total","2008-Q3","797079","856831796","35790.2","6","9","856831796","92","90","848192514.23","false","0.9783","848192514.23","reported"
"tnl","티앤엘","patch","total","2008-Q4","945166","1280586813","62841.5","8","20","1280586813","92","90","1249369090.97","false","0.9783","1249369090.97","reported"
"tnl","티앤엘","patch","total","2009-Q1","1265198","1761653569","100426.5","11","22","1761653569","90","90","1769266199.7900002","false","1","1769266199.7900002","reported"
"tnl","티앤엘","patch","total","2009-Q2","1606651","2055007392","77989.9","11","29","2055007392","91","90","2025481288.26","false","0.989","2025481288.26","reported"
"tnl","티앤엘","patch","total","2009-Q3","1007470","1261437913","47414","11","25","1261437913","92","90","1226358190.6799998","false","0.9783","1226358190.6799998","reported"
"tnl","티앤엘","patch","total","2009-Q4","1564221","1808970710","112768.7","19","22","1808970710","92","90","1776257783.0300002","false","0.9783","1776257783.0300002","reported"
"tnl","티앤엘","patch","total","2010-Q1","1201615","1361610866","57050.1","11","23","1361610866","90","90","1364240217.62","false","1","1364240217.62","reported"
"tnl","티앤엘","patch","total","2010-Q2","1912497","2175652687","55436.99999999999","13","30","2175652687","91","90","2141067873.9","false","0.989","2141067873.9","reported"
"tnl","티앤엘","patch","total","2010-Q3","2105745","2474646685","58929.6","6","27","2474646685","92","90","2433750830.0699997","false","0.9783","2433750830.0699997","reported"
"tnl","티앤엘","patch","total","2010-Q4","2880068","3263025417","120901.6","17","31","3263025417","92","90","3161854500.2200003","false","0.9783","3161854500.2200003","reported"
"tnl","티앤엘","patch","total","2011-Q1","1791686","1994943126","88409.2","22","36","1994943126","90","90","1965285491.79","false","1","1965285491.79","reported"
"tnl","티앤엘","patch","total","2011-Q2","5352742","5743338354","102539.79999999999","21","32","5743338354","91","90","5714956821.059999","false","0.989","5714956821.059999","reported"
"tnl","티앤엘","patch","total","2011-Q3","1651657","1772532203","96748.4","12","27","1772532203","92","90","1744114540.71","false","0.9783","1744114540.71","reported"
"tnl","티앤엘","patch","total","2011-Q4","3229936","3670533090","140822.6","22","37","3670533090","92","90","3618454676.42","false","0.9783","3618454676.42","reported"
"tnl","티앤엘","patch","total","2012-Q1","1953555","2184124604","93299.5","21","35","2184124604","91","90","2176813798.9300003","false","0.989","2176813798.9300003","reported"
"tnl","티앤엘","patch","total","2012-Q2","3429295","3877646644","93250.9","28","40","3877646644","91","90","3815022800.26","false","0.989","3815022800.26","reported"
"tnl","티앤엘","patch","total","2012-Q3","3509086","3960004078","129931.7","26","39","3960004078","92","90","3893069759.29","false","0.9783","3893069759.29","reported"
"tnl","티앤엘","patch","total","2012-Q4","8598983","9218062909","145299.2","22","38","9218062909","92","90","9036010215.29","false","0.9783","9036010215.29","reported"
"tnl","티앤엘","patch","total","2013-Q1","4304012","4619730565","186685","27","46","4619730565","90","90","4693211391.39","false","1","4693211391.39","reported"
"tnl","티앤엘","patch","total","2013-Q2","4099731","4562989461","172534.8","33","44","4562989461","91","90","4521562703.03","false","0.989","4521562703.03","reported"
"tnl","티앤엘","patch","total","2013-Q3","1615257","1781865410","91237","24","37","1781865410","92","90","1748211977.65","false","0.9783","1748211977.65","reported"
"tnl","티앤엘","patch","total","2013-Q4","9806975","10337883609","153187","29","48","10337883609","92","90","10056373341.81","false","0.9783","10056373341.81","reported"
"tnl","티앤엘","patch","total","2014-Q1","3302789","3492702356","154704","27","49","3492702356","90","90","3451226207.9399996","false","1","3451226207.9399996","reported"
"tnl","티앤엘","patch","total","2014-Q2","2657274","2712957199","155876.4","29","42","2712957199","91","90","2676549754.23","false","0.989","2676549754.23","reported"
"tnl","티앤엘","patch","total","2014-Q3","3777717","3829480102","163707.90000000002","30","52","3829480102","92","90","3739206273.25","false","0.9783","3739206273.25","reported"
"tnl","티앤엘","patch","total","2014-Q4","11550141","12404682016","248184.8","36","66","12404682016","92","90","12153042841.32","false","0.9783","12153042841.32","reported"
"tnl","티앤엘","patch","total","2015-Q1","4107611","4483185567","237182.3","36","60","4483185567","90","90","4444098452.7300005","false","1","4444098452.7300005","reported"
"tnl","티앤엘","patch","total","2015-Q2","4382359","4762586287","170043.7","33","58","4762586287","91","90","4716983607.55","false","0.989","4716983607.55","reported"
"tnl","티앤엘","patch","total","2015-Q3","8643106","10036111982","173077.5","29","48","10036111982","92","90","9923493934.3","false","0.9783","9923493934.3","reported"
"tnl","티앤엘","patch","total","2015-Q4","7686329","8847898225","260075.30000000002","38","63","8847898225","92","90","8671415123.710001","false","0.9783","8671415123.710001","reported"
"tnl","티앤엘","patch","total","2016-Q1","5838929","6987376136","228408.6","29","59","6987376136","91","90","6854392635.29","false","0.989","6854392635.29","reported"
"tnl","티앤엘","patch","total","2016-Q2","6010661","6907471855","350955.76","30","58","6907471855","91","90","6828445569.940001","false","0.989","6828445569.940001","reported"
"tnl","티앤엘","patch","total","2016-Q3","3280054","3658500034","175425.02","34","72","3658500034","92","90","3560917781.0299997","false","0.9783","3560917781.0299997","reported"
"tnl","티앤엘","patch","total","2016-Q4","4018504","4570126817","188710.82","38","76","4570126817","92","90","4469358862.03","false","0.9783","4469358862.03","reported"
"tnl","티앤엘","patch","total","2017-Q1","7136892","8125162874","251337.10000000003","37","70","8125162874","90","90","8195447009.82","false","1","8195447009.82","reported"
"tnl","티앤엘","patch","total","2017-Q2","5592440","6257218370","212569.886","36","73","6257218370","91","90","6228803080.48","false","0.989","6228803080.48","reported"
"tnl","티앤엘","patch","total","2017-Q3","6609264","7410236088","172696.13","36","87","7410236088","92","90","7230554407.64","false","0.9783","7230554407.64","reported"
"tnl","티앤엘","patch","total","2017-Q4","7446617","8202833938","252568.642","40","90","8202833938","92","90","8016325326","false","0.9783","8016325326","reported"
"tnl","티앤엘","patch","total","2018-Q1","4649022","4949270488","151209.32","36","72","4949270488","90","90","4965345322.39","false","1","4965345322.39","reported"
"tnl","티앤엘","patch","total","2018-Q2","7068052","7552574198","263077.95","33","84","7552574198","91","90","7440455468.969999","false","0.989","7440455468.969999","reported"
"tnl","티앤엘","patch","total","2018-Q3","6159206","6848399209","218015.37","34","89","6848399209","92","90","6671583374.71","false","0.9783","6671583374.71","reported"
"tnl","티앤엘","patch","total","2018-Q4","10594581","11824908974","408768.966","48","125","11824908974","92","90","11540566153.039999","false","0.9783","11540566153.039999","reported"
"tnl","티앤엘","patch","total","2019-Q1","5326042","5934416817","161832.60499999998","41","82","5934416817","90","90","5942107090.059999","false","1","5942107090.059999","reported"
"tnl","티앤엘","patch","total","2019-Q2","7933081","9193432924","240744.87","41","106","9193432924","91","90","9061078550.39","false","0.989","9061078550.39","reported"
"tnl","티앤엘","patch","total","2019-Q3","5971030","7069291916","194584.61","44","91","7069291916","92","90","6917292784.32","false","0.9783","6917292784.32","reported"
"tnl","티앤엘","patch","total","2019-Q4","8321460","9735868239","283099.56","45","108","9735868239","92","90","9500041281.810001","false","0.9783","9500041281.810001","reported"
"tnl","티앤엘","patch","total","2020-Q1","6094417","7219560846","216799.96","40","98","7219560846","91","90","7174037146.79","false","0.989","7174037146.79","reported"
"tnl","티앤엘","patch","total","2020-Q2","7566823","9152032739","278119.77","51","98","9152032739","91","90","9025566306.35","false","0.989","9025566306.35","reported"
"tnl","티앤엘","patch","total","2020-Q3","6190187","7329663821","115320.12","37","84","7329663821","92","90","7128006255.16","false","0.9783","7128006255.16","reported"
"tnl","티앤엘","patch","total","2020-Q4","12021817","13306979966","365761.70999999996","40","79","13306979966","92","90","13012185474","false","0.9783","13012185474","reported"
"tnl","티앤엘","patch","total","2021-Q1","9482190","10440313528","181117.6","36","92","10440313528","90","90","10434216268.75","false","1","10434216268.75","reported"
"tnl","티앤엘","patch","total","2021-Q2","14019018","15564785116","191862.915","42","86","15564785116","91","90","15460891753.58","false","0.989","15460891753.58","reported"
"tnl","티앤엘","patch","total","2021-Q3","15085989","17251753375","233782.46500000003","45","91","17251753375","92","90","16878300863.62","false","0.9783","16878300863.62","reported"
"tnl","티앤엘","patch","total","2021-Q4","13931235","16322091778","236313.06","39","97","16322091778","92","90","15972780608.509998","false","0.9783","15972780608.509998","reported"
"tnl","티앤엘","patch","total","2022-Q1","9539183","11393072628","196404.07","44","94","11393072628","90","90","11271470747.86","false","1","11271470747.86","reported"
"tnl","티앤엘","patch","total","2022-Q2","14394393","17931826862","282579.875","48","112","17931826862","91","90","17723359428.45","false","0.989","17723359428.45","reported"
"tnl","티앤엘","patch","total","2022-Q3","13688724","18122144699","265094.545","47","103","18122144699","92","90","17810619255.68","false","0.9783","17810619255.68","reported"
"tnl","티앤엘","patch","total","2022-Q4","14106689","19234102111","260507.80000000002","43","107","19234102111","92","90","18820125004.29","false","0.9783","18820125004.29","reported"
"tnl","티앤엘","patch","total","2023-Q1","17895527","22889256303","297911.95999999996","41","95","22889256303","90","90","22944646024.64","false","1","22944646024.64","reported"
"tnl","티앤엘","patch","total","2023-Q2","23335760","30655076572","375592.422","53","108","30655076572","91","90","30298568330.52","false","0.989","30298568330.52","reported"
"tnl","티앤엘","patch","total","2023-Q3","18439668","24101290113","301339.702","58","126","24101290113","92","90","23520771637.800003","false","0.9783","23520771637.800003","reported"
"tnl","티앤엘","patch","total","2023-Q4","11964370","15895239337","242414.603","54","214","15895239337","92","90","15612077171.52","false","0.9783","15612077171.52","reported"
"tnl","티앤엘","patch","total","2024-Q1","18304356","24270421085","224845.904","44","146","24270421085","91","90","24009257992.76","false","0.989","24009257992.76","reported"
"tnl","티앤엘","patch","total","2024-Q2","32951542","45146253736","426484.767","58","204","45146253736","91","90","44701976669.58","false","0.989","44701976669.58","reported"
"tnl","티앤엘","patch","total","2024-Q3","33032064","45018182037","403423.49700000003","52","194","45018182037","92","90","44026081993.39","false","0.9783","44026081993.39","reported"
"tnl","티앤엘","patch","total","2024-Q4","24896717","34422051080","411420.064","61","191","34422051080","92","90","33620419763.71","false","0.9783","33620419763.71","reported"
"tnl","티앤엘","patch","total","2025-Q1","30365190","44214544865","288806.768","51","144","44214544865","90","90","44126798531.75","false","1","44126798531.75","reported"
"tnl","티앤엘","patch","total","2025-Q2","22564625","31908308582","303303.435","58","118","31908308582","91","90","31674939274.35","false","0.989","31674939274.35","reported"
"tnl","티앤엘","patch","total","2025-Q3","24336742","33593201561","276358.055","50","113","33593201561","92","90","32848901848.65","false","0.9783","32848901848.65","reported"
"tnl","티앤엘","patch","total","2025-Q4","19111976","27570266434","261606.235","57","122","27570266434","92","90","26934453223.379997","false","0.9783","26934453223.379997","reported"
"tnl","티앤엘","patch","total","2026-Q1","24231299","35392772460","240539.40000000002","50","107","35392772460","90","90","35266927557.45","false","1","35266927557.45","reported"
"tnl","티앤엘","patch","total","2026-Q2","13190131","19705362537","136621.73","17","43","19705362537","30","30","19705362537","false","1","19705362537","reported"
"tnl","티앤엘","patch","us","2022-Q1","5253178","6261674926","42765.39","0","0","6261674926","90","90","6201963570.200001","false","1","6201963570.200001","reported"
"tnl","티앤엘","patch","us","2022-Q2","8585002","10678915429","81065.88","0","0","10678915429","91","90","10579568034.42","false","0.989","10579568034.42","reported"
"tnl","티앤엘","patch","us","2022-Q3","6517652","8589932981","48999.229999999996","0","0","8589932981","92","90","8432440665.39","false","0.9783","8432440665.39","reported"
"tnl","티앤엘","patch","us","2022-Q4","7693931","10383702664","51930.07","0","0","10383702664","92","90","10159337917.3","false","0.9783","10159337917.3","reported"
"tnl","티앤엘","patch","us","2023-Q1","11408316","14551486456","88970.7","0","0","14551486456","90","90","14691413093.470001","false","1","14691413093.470001","reported"
"tnl","티앤엘","patch","us","2023-Q2","16927685","22183472467","128983.74000000002","0","0","22183472467","91","90","21968671288.87","false","0.989","21968671288.87","reported"
"tnl","티앤엘","patch","us","2023-Q3","9351264","12209971933","60093.39","0","0","12209971933","92","90","11897677191.55","false","0.9783","11897677191.55","reported"
"tnl","티앤엘","patch","us","2023-Q4","4378437","5826194078","31629.120000000003","0","0","5826194078","92","90","5729780968.26","false","0.9783","5729780968.26","reported"
"tnl","티앤엘","patch","us","2024-Q1","9828277","13041843814","61456.36","0","0","13041843814","91","90","12897144973.88","false","0.989","12897144973.88","reported"
"tnl","티앤엘","patch","us","2024-Q2","23222890","31850950684","157730.44999999998","0","0","31850950684","91","90","31528272632.190002","false","0.989","31528272632.190002","reported"
"tnl","티앤엘","patch","us","2024-Q3","22234342","30342545462","132601.47","0","0","30342545462","92","90","29630070854.55","false","0.9783","29630070854.55","reported"
"tnl","티앤엘","patch","us","2024-Q4","12386055","16959081873","79189.67000000001","0","0","16959081873","92","90","16584491556.16","false","0.9783","16584491556.16","reported"
"tnl","티앤엘","patch","us","2025-Q1","19215350","28028507953","116272.16","0","0","28028507953","90","90","27823578953.37","false","1","27823578953.37","reported"
"tnl","티앤엘","patch","us","2025-Q2","9662149","13687581592","66264.45999999999","0","0","13687581592","91","90","13601594993.06","false","0.989","13601594993.06","reported"
"tnl","티앤엘","patch","us","2025-Q3","11033048","15226446113","62087.16","0","0","15226446113","92","90","14867637138.779999","false","0.9783","14867637138.779999","reported"
"tnl","티앤엘","patch","us","2025-Q4","11265652","16221338769","79504.78","0","0","16221338769","92","90","15883369119.51","false","0.9783","15883369119.51","reported"
"tnl","티앤엘","patch","us","2026-Q1","13616700","19909989887","85567.31","0","0","19909989887","90","90","19903614951.43","false","1","19903614951.43","reported"
"tnl","티앤엘","patch","us","2026-Q2","14676351","21842529502","84814.87","0","0","21842529502","61","60","21564551942.94","false","0.9836","21564551942.94","reported"