company,company_label,country_scope,month,quarter,export_value_usd,export_value_krw,export_weight_kg
"samyang","삼양식품","cn","2022-01","2022-Q1","10572545","12470377393","3679027.74"
"samyang","삼양식품","cn","2022-02","2022-Q1","14664005","17419872801","5065214.05"
"samyang","삼양식품","cn","2022-03","2022-Q1","20988826","25334455388","6969971.16"
"samyang","삼양식품","cn","2022-04","2022-Q2","11454072","13910350226","3824225.54"
"samyang","삼양식품","cn","2022-05","2022-Q2","24122548","30297521775","8333715.01"
"samyang","삼양식품","cn","2022-06","2022-Q2","21705452","27257810870","7311909.45"
"samyang","삼양식품","cn","2022-07","2022-Q3","13657262","17595577316","4788520.12"
"samyang","삼양식품","cn","2022-08","2022-Q3","14888710","19315822332","5172786.57"
"samyang","삼양식품","cn","2022-09","2022-Q3","18086976","24768622708","6256754.26"
"samyang","삼양식품","cn","2022-10","2022-Q4","19706041","28094950005","6698305.3"
"samyang","삼양식품","cn","2022-11","2022-Q4","19925340","27613004363","6768382.06"
"samyang","삼양식품","cn","2022-12","2022-Q4","23996200","31488432544","7793822.44"
"samyang","삼양식품","cn","2023-01","2023-Q1","16358383","20545949131","4961155.17"
"samyang","삼양식품","cn","2023-02","2023-Q1","20557993","25706704676","6246612.96"
"samyang","삼양식품","cn","2023-03","2023-Q1","19072284","24922207878","5851020.01"
"samyang","삼양식품","cn","2023-04","2023-Q2","12091033","15872018223","3794045.61"
"samyang","삼양식품","cn","2023-05","2023-Q2","13514967","18019168259","4284755.58"
"samyang","삼양식품","cn","2023-06","2023-Q2","18391590","23767762021","5610227.11"
"samyang","삼양식품","cn","2023-07","2023-Q3","21902340","28313042119","6768106.99"
"samyang","삼양식품","cn","2023-08","2023-Q3","22096616","28947351404","6918163.5"
"samyang","삼양식품","cn","2023-09","2023-Q3","28395986","37693577577","8779393.43"
"samyang","삼양식품","cn","2023-10","2023-Q4","26162622","35278295936","8027945.6"
"samyang","삼양식품","cn","2023-11","2023-Q4","28097996","37249347224","8588973.98"
"samyang","삼양식품","cn","2023-12","2023-Q4","18474760","24082246500","5778695.18"
"samyang","삼양식품","cn","2024-01","2024-Q1","11220348","14718810386","3745181.37"
"samyang","삼양식품","cn","2024-02","2024-Q1","17089787","22755338300","5487137.73"
"samyang","삼양식품","cn","2024-03","2024-Q1","22872840","30344187008","6995834.18"
"samyang","삼양식품","cn","2024-04","2024-Q2","24620604","33497077039","7446985.28"
"samyang","삼양식품","cn","2024-05","2024-Q2","27358266","37425736858","8377763.89"
"samyang","삼양식품","cn","2024-06","2024-Q2","26027902","35793781662","7788226.28"
"samyang","삼양식품","cn","2024-07","2024-Q3","28054013","38829303332","8603001.01"
"samyang","삼양식품","cn","2024-08","2024-Q3","24990547","34099552044","7531614.66"
"samyang","삼양식품","cn","2024-09","2024-Q3","23443524","31281598558","7176788.5"
"samyang","삼양식품","cn","2024-10","2024-Q4","29591041","39742428575","9130052.47"
"samyang","삼양식품","cn","2024-11","2024-Q4","31126338","43261236351","9789726.51"
"samyang","삼양식품","cn","2024-12","2024-Q4","30277662","42997213226","9478055.04"
"samyang","삼양식품","cn","2025-01","2025-Q1","23231525","33970021649","6915080.13"
"samyang","삼양식품","cn","2025-02","2025-Q1","32525103","47038280534","10006836.15"
"samyang","삼양식품","cn","2025-03","2025-Q1","29417234","42623746477","8582364.78"
"samyang","삼양식품","cn","2025-04","2025-Q2","31997069","46442714077","9214797.72"
"samyang","삼양식품","cn","2025-05","2025-Q2","36326080","51120182767","9961590.45"
"samyang","삼양식품","cn","2025-06","2025-Q2","30446351","41674083947","8507796.43"
"samyang","삼양식품","cn","2025-07","2025-Q3","44027762","60386138139","12721905.01"
"samyang","삼양식품","cn","2025-08","2025-Q3","38438099","53326356405","10947476.31"
"samyang","삼양식품","cn","2025-09","2025-Q3","50530112","70240559549","14238151.8"
"samyang","삼양식품","cn","2025-10","2025-Q4","40898332","57810323458","11951806.64"
"samyang","삼양식품","cn","2025-11","2025-Q4","40124020","58062402323","11615865.35"
"samyang","삼양식품","cn","2025-12","2025-Q4","32972601","48516208796","9566526.29"
"samyang","삼양식품","cn","2026-01","2026-Q1","28176950","41089656702","8024499.63"
"samyang","삼양식품","cn","2026-02","2026-Q1","26389573","38203302978","7454899.08"
"samyang","삼양식품","cn","2026-03","2026-Q1","40265181","59192767496","11280053.59"
"samyang","삼양식품","cn","2026-04","2026-Q2","51785454","77309906917","14051925.02"
"samyang","삼양식품","cn","2026-05","2026-Q2","27162993","39996168852","7217675.729"
"samyang","삼양식품","total","1996-01","1996-Q1","5324402","4169252602","2228479"
"samyang","삼양식품","total","1996-02","1996-Q1","6517340","5072936781","2568735"
"samyang","삼양식품","total","1996-03","1996-Q1","7599575","5908067770","2976857"
"samyang","삼양식품","total","1996-04","1996-Q2","6987277","5436742554","2668006"
"samyang","삼양식품","total","1996-05","1996-Q2","7417265","5754946475","2859391"
"samyang","삼양식품","total","1996-06","1996-Q2","7704306","6083255370","2908628"
"samyang","삼양식품","total","1996-07","1996-Q3","8191212","6625995695","3060406"
"samyang","삼양식품","total","1996-08","1996-Q3","8431843","6852574515","3022244"
"samyang","삼양식품","total","1996-09","1996-Q3","7724829","6316497991","2757412"
"samyang","삼양식품","total","1996-10","1996-Q4","8678522","7137884159","3280985"
"samyang","삼양식품","total","1996-11","1996-Q4","7830185","6459927045","2930527"
"samyang","삼양식품","total","1996-12","1996-Q4","8550730","7122018177","3342512"
"samyang","삼양식품","total","1997-01","1997-Q1","7888659","6656897707","2926887"
"samyang","삼양식품","total","1997-02","1997-Q1","8515877","7352321677","3442025"
"samyang","삼양식품","total","1997-03","1997-Q1","10589639","9219486661","3977090"
"samyang","삼양식품","total","1997-04","1997-Q2","9445081","8405945476","3814425"
"samyang","삼양식품","total","1997-05","1997-Q2","8961564","7964275802","3391727"
"samyang","삼양식품","total","1997-06","1997-Q2","10457940","9276209636","4006900"
"samyang","삼양식품","total","1997-07","1997-Q3","11963098","10599956551","4527247"
"samyang","삼양식품","total","1997-08","1997-Q3","11603041","10330175247","4442486"
"samyang","삼양식품","total","1997-09","1997-Q3","10659812","9623402185","4247268"
"samyang","삼양식품","total","1997-10","1997-Q4","9473910","8634110763","3722501"
"samyang","삼양식품","total","1997-11","1997-Q4","8468716","8308935925","3282412"
"samyang","삼양식품","total","1997-12","1997-Q4","8511942","11515660179","3423423"
"samyang","삼양식품","total","1998-01","1998-Q1","6586925","10590311602","3079295"
"samyang","삼양식품","total","1998-02","1998-Q1","9944164","15657386249","4736864"
"samyang","삼양식품","total","1998-03","1998-Q1","10596348","16174358814","4763236"
"samyang","삼양식품","total","1998-04","1998-Q2","9450428","12971237196","4200795"
"samyang","삼양식품","total","1998-05","1998-Q2","7668705","10465636297","3442146"
"samyang","삼양식품","total","1998-06","1998-Q2","8747368","12021173360","4119057"
"samyang","삼양식품","total","1998-07","1998-Q3","9978730","12967057321","4534015"
"samyang","삼양식품","total","1998-08","1998-Q3","6745742","8526018324","3194068"
"samyang","삼양식품","total","1998-09","1998-Q3","4772837","6376712693","2227243"
"samyang","삼양식품","total","1998-10","1998-Q4","5548452","7349676698","2500169"
"samyang","삼양식품","total","1998-11","1998-Q4","5624138","7236598635","2511495"
"samyang","삼양식품","total","1998-12","1998-Q4","6647172","7987625722","3116174"
"samyang","삼양식품","total","1999-01","1999-Q1","4780507","5581622131","2179724"
"samyang","삼양식품","total","1999-02","1999-Q1","5051894","5870526938","2139065"
"samyang","삼양식품","total","1999-03","1999-Q1","7699226","9322708126","3298497"
"samyang","삼양식품","total","1999-04","1999-Q2","9088445","10914680786","3856912"
"samyang","삼양식품","total","1999-05","1999-Q2","6331485","7468389958","2819123"
"samyang","삼양식품","total","1999-06","1999-Q2","6950369","8062702603","2997054"
"samyang","삼양식품","total","1999-07","1999-Q3","6853334","7997712188","2861368"
"samyang","삼양식품","total","1999-08","1999-Q3","6389221","7599597978","2578094"
"samyang","삼양식품","total","1999-09","1999-Q3","6206911","7332768569","2590441"
"samyang","삼양식품","total","1999-10","1999-Q4","6599733","7889522442","2801126"
"samyang","삼양식품","total","1999-11","1999-Q4","7281268","8542708815","2949561"
"samyang","삼양식품","total","1999-12","1999-Q4","7583497","8589412810","3084228"
"samyang","삼양식품","total","2000-01","2000-Q1","6904424","7750312218","2880393"
"samyang","삼양식품","total","2000-02","2000-Q1","6726186","7501413847","2722560"
"samyang","삼양식품","total","2000-03","2000-Q1","8639412","9610161612","3629278"
"samyang","삼양식품","total","2000-04","2000-Q2","8390214","9226207362","3538568"
"samyang","삼양식품","total","2000-05","2000-Q2","7651743","8444217790","3196950"
"samyang","삼양식품","total","2000-06","2000-Q2","8232473","9141229677","3502004"
"samyang","삼양식품","total","2000-07","2000-Q3","8412627","9289892100","3526341"
"samyang","삼양식품","total","2000-08","2000-Q3","8413455","9289416381","3431637"
"samyang","삼양식품","total","2000-09","2000-Q3","7292342","8058615015","2968060"
"samyang","삼양식품","total","2000-10","2000-Q4","7547696","8400936291","3188259"
"samyang","삼양식품","total","2000-11","2000-Q4","8587765","9698407985","3448139"
"samyang","삼양식품","total","2000-12","2000-Q4","7397531","8783850919","3039260"
"samyang","삼양식품","total","2001-01","2001-Q1","7820599","9818334607","3284152"
"samyang","삼양식품","total","2001-02","2001-Q1","9862029","12306346585","3994064"
"samyang","삼양식품","total","2001-03","2001-Q1","10616361","13385789632","4552730"
"samyang","삼양식품","total","2001-04","2001-Q2","10527261","13831174880","4571735"
"samyang","삼양식품","total","2001-05","2001-Q2","10560946","13634385269","4721411"
"samyang","삼양식품","total","2001-06","2001-Q2","7713342","9870623579","3343305"
"samyang","삼양식품","total","2001-07","2001-Q3","9169176","11825807790","4034898"
"samyang","삼양식품","total","2001-08","2001-Q3","8976713","11456619773","3787603"
"samyang","삼양식품","total","2001-09","2001-Q3","9904050","12637702188","4182235.1"
"samyang","삼양식품","total","2001-10","2001-Q4","9383577","12129715420","4291556.4"
"samyang","삼양식품","total","2001-11","2001-Q4","10800766","13799995577","4758513.9"
"samyang","삼양식품","total","2001-12","2001-Q4","7904025","10013071090","3280937"
"samyang","삼양식품","total","2002-01","2002-Q1","10949370","14282272704","4645812.3"
"samyang","삼양식품","total","2002-02","2002-Q1","9958170","12999748270","4234142.5"
"samyang","삼양식품","total","2002-03","2002-Q1","11276502","14753003056","4628321.1"
"samyang","삼양식품","total","2002-04","2002-Q2","10868662","14251632479","4603654.9"
"samyang","삼양식품","total","2002-05","2002-Q2","10007114","12676739491","4172221.8"
"samyang","삼양식품","total","2002-06","2002-Q2","11423416","13921145942","4861133.2"
"samyang","삼양식품","total","2002-07","2002-Q3","10462808","12352867107","4520045.2"
"samyang","삼양식품","total","2002-08","2002-Q3","12902558","15227953827","5288310.6"
"samyang","삼양식품","total","2002-09","2002-Q3","11138070","13280735936","4422487.9"
"samyang","삼양식품","total","2002-10","2002-Q4","12451294","15289435924","4961534.2"
"samyang","삼양식품","total","2002-11","2002-Q4","11660046","14045982538","4654126.8"
"samyang","삼양식품","total","2002-12","2002-Q4","11530955","13809994511","4580841.4"
"samyang","삼양식품","total","2003-01","2003-Q1","11206888","13123078203","4291108"
"samyang","삼양식품","total","2003-02","2003-Q1","13520228","15926305151","5336871.6"
"samyang","삼양식품","total","2003-03","2003-Q1","12837671","15458027989","5201993.4"
"samyang","삼양식품","total","2003-04","2003-Q2","12356007","15137498975","4954231.6"
"samyang","삼양식품","total","2003-05","2003-Q2","10301138","12272055651","4211635.4"
"samyang","삼양식품","total","2003-06","2003-Q2","10569424","12519358287","4322514"
"samyang","삼양식품","total","2003-07","2003-Q3","12289120","14397193055","5013930.3"
"samyang","삼양식품","total","2003-08","2003-Q3","12819081","14976621627","4849722.9"
"samyang","삼양식품","total","2003-09","2003-Q3","13775837","15940590908","5059679"
"samyang","삼양식품","total","2003-10","2003-Q4","15366878","17639221788","5783094.9"
"samyang","삼양식품","total","2003-11","2003-Q4","14825801","17313543916","5503520.5"
"samyang","삼양식품","total","2003-12","2003-Q4","12589896","14885755656","4562669.2"
"samyang","삼양식품","total","2004-01","2004-Q1","8358591","9852042545","3036355.7"
"samyang","삼양식품","total","2004-02","2004-Q1","12891367","14884956375","4754523.5"
"samyang","삼양식품","total","2004-03","2004-Q1","13760159","15941368539","5126132.5"
"samyang","삼양식품","total","2004-04","2004-Q2","16926395","19269145419","6586867.7"
"samyang","삼양식품","total","2004-05","2004-Q2","13225407","15376967388","5134945.8"
"samyang","삼양식품","total","2004-06","2004-Q2","13210724","15191232240","5118392.1"
"samyang","삼양식품","total","2004-07","2004-Q3","13765526","15755566365","5046547.5"
"samyang","삼양식품","total","2004-08","2004-Q3","12851660","14770190052","4786015.2"
"samyang","삼양식품","total","2004-09","2004-Q3","15220707","17313385073","5494482"
"samyang","삼양식품","total","2004-10","2004-Q4","14849144","16869728419","5413776.7"
"samyang","삼양식품","total","2004-11","2004-Q4","15139269","16598977143","5394312.1"
"samyang","삼양식품","total","2004-12","2004-Q4","13789438","14383694220","4951094.9"
"samyang","삼양식품","total","2005-01","2005-Q1","11982704","12342340365","4182546.7"
"samyang","삼양식품","total","2005-02","2005-Q1","11948302","12144222581","4502489.3"
"samyang","삼양식품","total","2005-03","2005-Q1","14005941","13953452839","4861481.2"
"samyang","삼양식품","total","2005-04","2005-Q2","15250706","15324308601","5276860.4"
"samyang","삼양식품","total","2005-05","2005-Q2","11654972","11565775658","4166434.5"
"samyang","삼양식품","total","2005-06","2005-Q2","11260987","11245769013","3722418.1"
"samyang","삼양식품","total","2005-07","2005-Q3","9742599","9998430427","3093862.9"
"samyang","삼양식품","total","2005-08","2005-Q3","11246761","11365318345","3643948"
"samyang","삼양식품","total","2005-09","2005-Q3","11696980","11906347417","3693965.5"
"samyang","삼양식품","total","2005-10","2005-Q4","11087114","11454257319","3480293"
"samyang","삼양식품","total","2005-11","2005-Q4","10890121","11256159621","3470583.5"
"samyang","삼양식품","total","2005-12","2005-Q4","11355379","11584653107","3482103.9"
"samyang","삼양식품","total","2006-01","2006-Q1","9083386","8953561352","2938494.6"
"samyang","삼양식품","total","2006-02","2006-Q1","8774815","8440458838","2507623.4"
"samyang","삼양식품","total","2006-03","2006-Q1","9502660","9159677829","2866483.8"
"samyang","삼양식품","total","2006-04","2006-Q2","8586168","8176148038","2670937.6"
"samyang","삼양식품","total","2006-05","2006-Q2","9916958","9230480293","3000723.2"
"samyang","삼양식품","total","2006-06","2006-Q2","10594100","10000931995","3142592.6"
"samyang","삼양식품","total","2006-07","2006-Q3","9660629","9106331837","2801846"
"samyang","삼양식품","total","2006-08","2006-Q3","9958685","9461427053","2667883.9"
"samyang","삼양식품","total","2006-09","2006-Q3","10729806","10171412157","2974232.5"
"samyang","삼양식품","total","2006-10","2006-Q4","8844796","8355747238","2483375.7"
"samyang","삼양식품","total","2006-11","2006-Q4","11664207","10864960287","3285089.5"
"samyang","삼양식품","total","2006-12","2006-Q4","11234959","10300493879","2926905.8"
"samyang","삼양식품","total","2007-01","2007-Q1","11098045","10268804959","2803714.9"
"samyang","삼양식품","total","2007-02","2007-Q1","8690257","8068985938","2494514.5"
"samyang","삼양식품","total","2007-03","2007-Q1","11085697","10353649048","3074506.3"
"samyang","삼양식품","total","2007-04","2007-Q2","11387185","10526553328","3025632.2"
"samyang","삼양식품","total","2007-05","2007-Q2","11504688","10566284142","3071771.1"
"samyang","삼양식품","total","2007-06","2007-Q2","10089353","9282618948","2679040.2"
"samyang","삼양식품","total","2007-07","2007-Q3","9238555","8419986839","2533480.8"
"samyang","삼양식품","total","2007-08","2007-Q3","11860914","10903916327","3064678.3"
"samyang","삼양식품","total","2007-09","2007-Q3","10672422","9904638831","2743502"
"samyang","삼양식품","total","2007-10","2007-Q4","13529691","12291076238","3566818.3"
"samyang","삼양식품","total","2007-11","2007-Q4","13280148","12005759597","3296683.1"
"samyang","삼양식품","total","2007-12","2007-Q4","14078465","12945082490","3287971.6"
"samyang","삼양식품","total","2008-01","2008-Q1","14423420","13430933780","3391907.6"
"samyang","삼양식품","total","2008-02","2008-Q1","11522128","10781001725","2810750.4"
"samyang","삼양식품","total","2008-03","2008-Q1","12740716","12211523331","3125104.3"
"samyang","삼양식품","total","2008-04","2008-Q2","13602845","13270563423","3292925.8"
"samyang","삼양식품","total","2008-05","2008-Q2","12880201","13119671488","3210592.4"
"samyang","삼양식품","total","2008-06","2008-Q2","12098300","12332845493","2963622.4"
"samyang","삼양식품","total","2008-07","2008-Q3","14351354","14565753921","3493979.4"
"samyang","삼양식품","total","2008-08","2008-Q3","12360042","12590789616","2866955.8"
"samyang","삼양식품","total","2008-09","2008-Q3","11916450","13186803926","2865131.9"
"samyang","삼양식품","total","2008-10","2008-Q4","12597588","16008138104","3139887.1"
"samyang","삼양식품","total","2008-11","2008-Q4","11361900","15413881240","2957731.9"
"samyang","삼양식품","total","2008-12","2008-Q4","11206186","15691809550","3014927.9"
"samyang","삼양식품","total","2009-01","2009-Q1","10359831","13622285679","2793984.1"
"samyang","삼양식품","total","2009-02","2009-Q1","11275980","15628803847","3243415.7"
"samyang","삼양식품","total","2009-03","2009-Q1","11670468","17210336535","3384595.7"
"samyang","삼양식품","total","2009-04","2009-Q2","13825466","18374127730","3851268.2"
"samyang","삼양식품","total","2009-05","2009-Q2","13252802","16721567550","3548456.2"
"samyang","삼양식품","total","2009-06","2009-Q2","12802853","15931853836","3417198.8"
"samyang","삼양식품","total","2009-07","2009-Q3","12794279","16116875114","3595202.9"
"samyang","삼양식품","total","2009-08","2009-Q3","12336449","15130332312","3388418.8"
"samyang","삼양식품","total","2009-09","2009-Q3","15530808","18910760299","4011984"
"samyang","삼양식품","total","2009-10","2009-Q4","14615001","17002308909","3512492.2"
"samyang","삼양식품","total","2009-11","2009-Q4","16574082","19210188143","3975368.9"
"samyang","삼양식품","total","2009-12","2009-Q4","15767625","18168287321","3839269.9"
"samyang","삼양식품","total","2010-01","2010-Q1","14005467","15828478147","3555886.5"
"samyang","삼양식품","total","2010-02","2010-Q1","13108791","14995698966","3377369.4"
"samyang","삼양식품","total","2010-03","2010-Q1","15783828","17815075985","3994262.4"
"samyang","삼양식품","total","2010-04","2010-Q2","17270351","19187812283","4465674.2"
"samyang","삼양식품","total","2010-05","2010-Q2","14009270","15739069522","3689004.4"
"samyang","삼양식품","total","2010-06","2010-Q2","15615554","18835802269","4104270.5"
"samyang","삼양식품","total","2010-07","2010-Q3","14495890","17360444612","3913533"
"samyang","삼양식품","total","2010-08","2010-Q3","14039201","16391121325","3636426.7"
"samyang","삼양식품","total","2010-09","2010-Q3","13481788","15694891764","3364190.9"
"samyang","삼양식품","total","2010-10","2010-Q4","17506359","19581717009","4537861.1"
"samyang","삼양식품","total","2010-11","2010-Q4","17323178","19262939202","4268034.7"
"samyang","삼양식품","total","2010-12","2010-Q4","17130554","19450714301","4416127.2"
"samyang","삼양식품","total","2011-01","2011-Q1","16282824","18137955566","4169838.6"
"samyang","삼양식품","total","2011-02","2011-Q1","13267215","14674685284","3470706.3"
"samyang","삼양식품","total","2011-03","2011-Q1","22394533","24945246661","5697502.2"
"samyang","삼양식품","total","2011-04","2011-Q2","23919444","25920305447","5794834"
"samyang","삼양식품","total","2011-05","2011-Q2","18575983","19915301631","4586134.9"
"samyang","삼양식품","total","2011-06","2011-Q2","16768134","17985883737","4102053.9"
"samyang","삼양식품","total","2011-07","2011-Q3","17204088","18148782920","4069105.95"
"samyang","삼양식품","total","2011-08","2011-Q3","17276721","18279436028","4238932"
"samyang","삼양식품","total","2011-09","2011-Q3","18747820","20378147564","4399485.4"
"samyang","삼양식품","total","2011-10","2011-Q4","19631104","22717778761","4581141"
"samyang","삼양식품","total","2011-11","2011-Q4","20553194","22937031522","4615671"
"samyang","삼양식품","total","2011-12","2011-Q4","21433687","24334143368","4729174.6"
"samyang","삼양식품","total","2012-01","2012-Q1","17644981","20120796737","3945897.8"
"samyang","삼양식품","total","2012-02","2012-Q1","22129548","24614437551","5008814.7"
"samyang","삼양식품","total","2012-03","2012-Q1","23188064","25794624443","5150889.1"
"samyang","삼양식품","total","2012-04","2012-Q2","22559764","25362431965","5227819.4"
"samyang","삼양식품","total","2012-05","2012-Q2","21400062","24293542905","4861756.4"
"samyang","삼양식품","total","2012-06","2012-Q2","19979356","23152533691","4568779.7"
"samyang","삼양식품","total","2012-07","2012-Q3","21715250","24645515769","5186765.4"
"samyang","삼양식품","total","2012-08","2012-Q3","21246284","23844203900","4812564.6"
"samyang","삼양식품","total","2012-09","2012-Q3","21151891","23623803517","4817161.6"
"samyang","삼양식품","total","2012-10","2012-Q4","21974234","24162509158","5190207.6"
"samyang","삼양식품","total","2012-11","2012-Q4","19441642","20985112230","4415442.5"
"samyang","삼양식품","total","2012-12","2012-Q4","18706676","19995179481","4142669.3"
"samyang","삼양식품","total","2013-01","2013-Q1","22376346","23566895269","4692028.6"
"samyang","삼양식품","total","2013-02","2013-Q1","18713856","20095911006","4532181.8"
"samyang","삼양식품","total","2013-03","2013-Q1","23971402","26076262325","5752272.7"
"samyang","삼양식품","total","2013-04","2013-Q2","26544992","29485658825","5988339.5"
"samyang","삼양식품","total","2013-05","2013-Q2","22902288","25130801583","5449045.7"
"samyang","삼양식품","total","2013-06","2013-Q2","23261789","26007932071","5442518.4"
"samyang","삼양식품","total","2013-07","2013-Q3","21527429","24152756972","5398465.1"
"samyang","삼양식품","total","2013-08","2013-Q3","19619587","21702137128","4598552.7"
"samyang","삼양식품","total","2013-09","2013-Q3","19225690","20851355999","4686523.8"
"samyang","삼양식품","total","2013-10","2013-Q4","23263653","24639884198","5791309.8"
"samyang","삼양식품","total","2013-11","2013-Q4","22548366","23733761063","5214911.1"
"samyang","삼양식품","total","2013-12","2013-Q4","20766724","21745434865","4847151.9"
"samyang","삼양식품","total","2014-01","2014-Q1","19304357","20277063822","4710503.42"
"samyang","삼양식품","total","2014-02","2014-Q1","21772690","23122552246","5204169.7"
"samyang","삼양식품","total","2014-03","2014-Q1","25876730","27418401506","5999289.4"
"samyang","삼양식품","total","2014-04","2014-Q2","25511120","26560177391","6161643.86"
"samyang","삼양식품","total","2014-05","2014-Q2","23395906","23805505868","5477197.5"
"samyang","삼양식품","total","2014-06","2014-Q2","23125430","23372318157","5506805.6"
"samyang","삼양식품","total","2014-07","2014-Q3","22682511","22875180037","5513919.9"
"samyang","삼양식품","total","2014-08","2014-Q3","20687032","21043204964","4986033.1"
"samyang","삼양식품","total","2014-09","2014-Q3","23339574","23787794900","5543553.5"
"samyang","삼양식품","total","2014-10","2014-Q4","24958182","26197963396","6086861"
"samyang","삼양식품","total","2014-11","2014-Q4","23967052","25684254909","6058888.7"
"samyang","삼양식품","total","2014-12","2014-Q4","21926808","24030854413","5439412.9"
"samyang","삼양식품","total","2015-01","2015-Q1","23713746","25653656010","5796728.9"
"samyang","삼양식품","total","2015-02","2015-Q1","19595403","21201624296","4996691.5"
"samyang","삼양식품","total","2015-03","2015-Q1","25133395","27674182694","6558223.3"
"samyang","삼양식품","total","2015-04","2015-Q2","26350937","28592960121","6852142.1"
"samyang","삼양식품","total","2015-05","2015-Q2","20945016","22524173038","5463927"
"samyang","삼양식품","total","2015-06","2015-Q2","24572413","27023259822","6365116"
"samyang","삼양식품","total","2015-07","2015-Q3","23601466","26492544773","6270672.6"
"samyang","삼양식품","total","2015-08","2015-Q3","21981510","25569810337","5855546.3"
"samyang","삼양식품","total","2015-09","2015-Q3","25577169","30035546759","6714483.5"
"samyang","삼양식품","total","2015-10","2015-Q4","27100514","31073810236","7289300.5"
"samyang","삼양식품","total","2015-11","2015-Q4","27583267","31364214405","7445425.9"
"samyang","삼양식품","total","2015-12","2015-Q4","26746677","30953779164","7046130.5"
"samyang","삼양식품","total","2016-01","2016-Q1","22480722","26580727210","6193259.3"
"samyang","삼양식품","total","2016-02","2016-Q1","23896564","28556200185","6370705.9"
"samyang","삼양식품","total","2016-03","2016-Q1","30223371","36062093339","8549627.1"
"samyang","삼양식품","total","2016-04","2016-Q2","27518268","31378064927","7597443.74"
"samyang","삼양식품","total","2016-05","2016-Q2","28634150","32994254021","8014098.228"
"samyang","삼양식품","total","2016-06","2016-Q2","29743479","34514450016","8256691.372"
"samyang","삼양식품","total","2016-07","2016-Q3","32268024","36777087167","8904397.806"
"samyang","삼양식품","total","2016-08","2016-Q3","34719522","38268587348","9491089.394"
"samyang","삼양식품","total","2016-09","2016-Q3","35741771","39383554477","10040694.432"
"samyang","삼양식품","total","2016-10","2016-Q4","37754302","41768071210","10336477.598"
"samyang","삼양식품","total","2016-11","2016-Q4","37814552","43221520914","10870470.58"
"samyang","삼양식품","total","2016-12","2016-Q4","35068177","40835671104","10207493.308"
"samyang","삼양식품","total","2017-01","2017-Q1","31873049","37725196783","9159427.461"
"samyang","삼양식품","total","2017-02","2017-Q1","42644992","48588783929","11923764.195"
"samyang","삼양식품","total","2017-03","2017-Q1","43225323","48778880285","12189013.07"
"samyang","삼양식품","total","2017-04","2017-Q2","36409018","40729268787","10511474.347"
"samyang","삼양식품","total","2017-05","2017-Q2","30111432","33626726712","8392687.63"
"samyang","삼양식품","total","2017-06","2017-Q2","37882967","42260630332","10775348.125"
"samyang","삼양식품","total","2017-07","2017-Q3","36811187","41537678858","10790849.488"
"samyang","삼양식품","total","2017-08","2017-Q3","38856609","43464774169","11379040.789"
"samyang","삼양식품","total","2017-09","2017-Q3","50327189","56273249186","15384524.8"
"samyang","삼양식품","total","2017-10","2017-Q4","36711911","41255390015","10589053.327"
"samyang","삼양식품","total","2017-11","2017-Q4","59228185","65335065237","14619823.675"
"samyang","삼양식품","total","2017-12","2017-Q4","42122873","45394090509","12249761.185"
"samyang","삼양식품","total","2018-01","2018-Q1","43865660","46391616619","12218519.247"
"samyang","삼양식품","total","2018-02","2018-Q1","36439999","38862013144","10303296.036"
"samyang","삼양식품","total","2018-03","2018-Q1","48130511","51090942166","13467354.851"
"samyang","삼양식품","total","2018-04","2018-Q2","47172010","49846679148","13159853.502"
"samyang","삼양식품","total","2018-05","2018-Q2","47641947","50776929155","13433506.286"
"samyang","삼양식품","total","2018-06","2018-Q2","48122817","51778038695","14208845.295"
"samyang","삼양식품","total","2018-07","2018-Q3","38771551","43056372977","10580046.787"
"samyang","삼양식품","total","2018-08","2018-Q3","44056605","49057853179","12342502.303"
"samyang","삼양식품","total","2018-09","2018-Q3","39606623","43906413671","11066817.07"
"samyang","삼양식품","total","2018-10","2018-Q4","49501067","55238419486","14142776.181"
"samyang","삼양식품","total","2018-11","2018-Q4","43296951","48469603108","12167956.137"
"samyang","삼양식품","total","2018-12","2018-Q4","36098756","40205470583","10180414.615"
"samyang","삼양식품","total","2019-01","2019-Q1","43325331","48169212574","12372916.999"
"samyang","삼양식품","total","2019-02","2019-Q1","38046578","42313222731","10786521.031"
"samyang","삼양식품","total","2019-03","2019-Q1","49124438","54876968250","14287457.746"
"samyang","삼양식품","total","2019-04","2019-Q2","51482536","57975274234","15139443.284"
"samyang","삼양식품","total","2019-05","2019-Q2","50256734","58516477686","14709880.198"
"samyang","삼양식품","total","2019-06","2019-Q2","46194436","54147439062","13408605.109"
"samyang","삼양식품","total","2019-07","2019-Q3","48959705","56775918081","14245031.501"
"samyang","삼양식품","total","2019-08","2019-Q3","49023061","58406343024","14732771.235"
"samyang","삼양식품","total","2019-09","2019-Q3","49653532","59046321723","14637144.096"
"samyang","삼양식품","total","2019-10","2019-Q4","58212321","68641876306","17661353.165"
"samyang","삼양식품","total","2019-11","2019-Q4","58251935","67245504486","17532430.647"
"samyang","삼양식품","total","2019-12","2019-Q4","49741189","58097402418","14892475.626"
"samyang","삼양식품","total","2020-01","2020-Q1","47723397","54873482512","14047247.142"
"samyang","삼양식품","total","2020-02","2020-Q1","53427840","62676653379","15702595.202"
"samyang","삼양식품","total","2020-03","2020-Q1","66497357","79974266319","19787168.671"
"samyang","삼양식품","total","2020-04","2020-Q2","75452444","91611106522","22432788.461"
"samyang","삼양식품","total","2020-05","2020-Q2","66710647","81033199624","20155170.011"
"samyang","삼양식품","total","2020-06","2020-Q2","66431654","80109569978","19861681.963"
"samyang","삼양식품","total","2020-07","2020-Q3","72293533","85994898916","21889791.055"
"samyang","삼양식품","total","2020-08","2020-Q3","60121448","70756669655","18838179.202"
"samyang","삼양식품","total","2020-09","2020-Q3","67381347","78934383186","20200299.192"
"samyang","삼양식품","total","2020-10","2020-Q4","62818039","71835000939","18765556.857"
"samyang","삼양식품","total","2020-11","2020-Q4","60923606","67688397985","18330021.29"
"samyang","삼양식품","total","2020-12","2020-Q4","71115015","77363514385","19520836.746"
"samyang","삼양식품","total","2021-01","2021-Q1","68065951","73785499893","19569462.689"
"samyang","삼양식품","total","2021-02","2021-Q1","60755635","66849758918","17557005.895"
"samyang","삼양식품","total","2021-03","2021-Q1","78496240","87595769767","22465342.217"
"samyang","삼양식품","total","2021-04","2021-Q2","76083055","84700086981","21800326.397"
"samyang","삼양식품","total","2021-05","2021-Q2","69253608","76880458196","19191235.826"
"samyang","삼양식품","total","2021-06","2021-Q2","70375505","77961441244","20397833.815"
"samyang","삼양식품","total","2021-07","2021-Q3","69310338","78199466540","20254346.789"
"samyang","삼양식품","total","2021-08","2021-Q3","68051180","77976952359","19948486.715"
"samyang","삼양식품","total","2021-09","2021-Q3","73093682","84514305010","21443512.544"
"samyang","삼양식품","total","2021-10","2021-Q4","76683561","90096117100","22740155.384"
"samyang","삼양식품","total","2021-11","2021-Q4","81668808","95318311399","24048467.306"
"samyang","삼양식품","total","2021-12","2021-Q4","83846488","98302490363","23986363.308"
"samyang","삼양식품","total","2022-01","2022-Q1","74935652","88404083226","21078268.285"
"samyang","삼양식품","total","2022-02","2022-Q1","67207499","79839932211","19350399.549"
"samyang","삼양식품","total","2022-03","2022-Q1","88417170","106472342969","25028913.89"
"samyang","삼양식품","total","2022-04","2022-Q2","75974853","92116045865","21065682.133"
"samyang","삼양식품","total","2022-05","2022-Q2","94985373","119314978888","26978878.474"
"samyang","삼양식품","total","2022-06","2022-Q2","81724852","102754287163","23273940.318"
"samyang","삼양식품","total","2022-07","2022-Q3","76518425","98664665369","21774303.442"
"samyang","삼양식품","total","2022-08","2022-Q3","76459773","99283038452","21939562.707"
"samyang","삼양식품","total","2022-09","2022-Q3","79813245","109165980743","21890582.147"
"samyang","삼양식품","total","2022-10","2022-Q4","78985912","112626947114","22892635.342"
"samyang","삼양식품","total","2022-11","2022-Q4","82224165","113785578275","23824530.038"
"samyang","삼양식품","total","2022-12","2022-Q4","85462453","112123740782","24328960.805"
"samyang","삼양식품","total","2023-01","2023-Q1","76978265","96736111452","20607132.333"
"samyang","삼양식품","total","2023-02","2023-Q1","86939871","108997206895","23484927.984"
"samyang","삼양식품","total","2023-03","2023-Q1","92011633","120252637410","24324004.343"
"samyang","삼양식품","total","2023-04","2023-Q2","89047895","116803750445","22759346.98"
"samyang","삼양식품","total","2023-05","2023-Q2","90826586","121009376221","23413943.503"
"samyang","삼양식품","total","2023-06","2023-Q2","106435179","138228135933","27406964.69"
"samyang","삼양식품","total","2023-07","2023-Q3","91693589","118546475861","24046225.01"
"samyang","삼양식품","total","2023-08","2023-Q3","102928730","134961496108","26134500.611"
"samyang","삼양식품","total","2023-09","2023-Q3","107364527","142507190573","28187292.473"
"samyang","삼양식품","total","2023-10","2023-Q4","105871006","142742651118","27759512.39"
"samyang","삼양식품","total","2023-11","2023-Q4","109221794","144580607346","28591394.93"
"samyang","삼양식품","total","2023-12","2023-Q4","94126160","122716621515","24138529.052"
"samyang","삼양식품","total","2024-01","2024-Q1","103688646","136338590840","26192488.561"
"samyang","삼양식품","total","2024-02","2024-Q1","107662956","143448953710","26865755.177"
"samyang","삼양식품","total","2024-03","2024-Q1","107751877","143089987386","27748328.868"
"samyang","삼양식품","total","2024-04","2024-Q2","128923102","175180202309","32295733.277"
"samyang","삼양식품","total","2024-05","2024-Q2","125666030","171828058832","32014505.71"
"samyang","삼양식품","total","2024-06","2024-Q2","122607782","168553709730","30575457.462"
"samyang","삼양식품","total","2024-07","2024-Q3","129144562","178741814612","32550304.854"
"samyang","삼양식품","total","2024-08","2024-Q3","118380453","161599617596","29962285.203"
"samyang","삼양식품","total","2024-09","2024-Q3","121085276","161612543018","30413251.619"
"samyang","삼양식품","total","2024-10","2024-Q4","136831034","184077809140","34131008.204"
"samyang","삼양식품","total","2024-11","2024-Q4","137544605","191155689745","35346394.818"
"samyang","삼양식품","total","2024-12","2024-Q4","128910713","183134247789","33148582.813"
"samyang","삼양식품","total","2025-01","2025-Q1","124047509","181393955991","31483368.025"
"samyang","삼양식품","total","2025-02","2025-Q1","140930922","203736801324","35601042.527"
"samyang","삼양식품","total","2025-03","2025-Q1","137387376","199118963944","33476352.091"
"samyang","삼양식품","total","2025-04","2025-Q2","157011040","227920171704","38497086.971"
"samyang","삼양식품","total","2025-05","2025-Q2","148840382","209590605274","36364049.783"
"samyang","삼양식품","total","2025-06","2025-Q2","145831043","199667225426","34950169.617"
"samyang","삼양식품","total","2025-07","2025-Q3","151780573","208140659232","38516778.107"
"samyang","삼양식품","total","2025-08","2025-Q3","132584564","183960368607","33524517.451"
"samyang","삼양식품","total","2025-09","2025-Q3","169198350","235191636948","42780674.652"
"samyang","삼양식품","total","2025-10","2025-Q4","147235057","208201962178","37585525.885"
"samyang","삼양식품","total","2025-11","2025-Q4","144170928","208853474132","37265191.629"
"samyang","삼양식품","total","2025-12","2025-Q4","160086413","235520402002","39600551.38"
"samyang","삼양식품","total","2026-01","2026-Q1","149286808","217431599366","36694671.45"
"samyang","삼양식품","total","2026-02","2026-Q1","157904362","228726923423","38389095.308"
"samyang","삼양식품","total","2026-03","2026-Q1","185244946","272383674374","45159100.59"
"samyang","삼양식품","total","2026-04","2026-Q2","205220661","306552129357","49363682.215"
"samyang","삼양식품","us","2022-01","2022-Q1","14193168","16742123294","3565505.33"
"samyang","삼양식품","us","2022-02","2022-Q1","10928384","12981679459","2844696.42"
"samyang","삼양식품","us","2022-03","2022-Q1","14366696","17231773538","3574258.83"
"samyang","삼양식품","us","2022-04","2022-Q2","12497308","15142551875","2853657.7"
"samyang","삼양식품","us","2022-05","2022-Q2","10228723","12836285228","2353856.87"
"samyang","삼양식품","us","2022-06","2022-Q2","10469025","13138195016","2379462.55"
"samyang","삼양식품","us","2022-07","2022-Q3","8477722","10940713306","1872806.77"
"samyang","삼양식품","us","2022-08","2022-Q3","7070140","9177287782","1697142.21"
"samyang","삼양식품","us","2022-09","2022-Q3","8535189","11724271563","2066326.74"
"samyang","삼양식품","us","2022-10","2022-Q4","6215688","8864270006","1568096.61"
"samyang","삼양식품","us","2022-11","2022-Q4","6456084","8962983200","1781237.08"
"samyang","삼양식품","us","2022-12","2022-Q4","8292251","10847129357","2177272.07"
"samyang","삼양식품","us","2023-01","2023-Q1","7344564","9209995397","1740520.12"
"samyang","삼양식품","us","2023-02","2023-Q1","10725913","13488705035","2646474.06"
"samyang","삼양식품","us","2023-03","2023-Q1","12026824","15713041403","2773872.94"
"samyang","삼양식품","us","2023-04","2023-Q2","15860329","20801600462","3625853.33"
"samyang","삼양식품","us","2023-05","2023-Q2","15566252","20731907270","3707262.19"
"samyang","삼양식품","us","2023-06","2023-Q2","18742386","24288082044","4325046.17"
"samyang","삼양식품","us","2023-07","2023-Q3","8899509","11516118194","1974376.44"
"samyang","삼양식품","us","2023-08","2023-Q3","18978044","24879700642","3705596.84"
"samyang","삼양식품","us","2023-09","2023-Q3","14710433","19526135958","2850624.24"
"samyang","삼양식품","us","2023-10","2023-Q4","12205041","16452732403","2479421.95"
"samyang","삼양식품","us","2023-11","2023-Q4","13090109","17311047476","2645498.95"
"samyang","삼양식품","us","2023-12","2023-Q4","13529221","17640098738","2756442.01"
"samyang","삼양식품","us","2024-01","2024-Q1","14915162","19629346818","3042794.73"
"samyang","삼양식품","us","2024-02","2024-Q1","22291010","29698040717","4259489.47"
"samyang","삼양식품","us","2024-03","2024-Q1","18861493","25040795943","3629210.48"
"samyang","삼양식품","us","2024-04","2024-Q2","21513777","29177009058","4335941.94"
"samyang","삼양식품","us","2024-05","2024-Q2","21631392","29547942403","4323266.57"
"samyang","삼양식품","us","2024-06","2024-Q2","22542698","30994503570","4545958.17"
"samyang","삼양식품","us","2024-07","2024-Q3","21685750","30014703354","4382600.14"
"samyang","삼양식품","us","2024-08","2024-Q3","23975819","32698216997","4928868.13"
"samyang","삼양식품","us","2024-09","2024-Q3","22695731","30274611385","4483008.36"
"samyang","삼양식품","us","2024-10","2024-Q4","22197219","29876373411","4430645.24"
"samyang","삼양식품","us","2024-11","2024-Q4","22524179","31305912233","4580634.57"
"samyang","삼양식품","us","2024-12","2024-Q4","23465152","33334925346","4741093.27"
"samyang","삼양식품","us","2025-01","2025-Q1","21030766","30736769223","4259142.11"
"samyang","삼양식품","us","2025-02","2025-Q1","25083710","36251218676","5216505"
"samyang","삼양식품","us","2025-03","2025-Q1","27360760","39667361698","5481669.58"
"samyang","삼양식품","us","2025-04","2025-Q2","30534075","44347725683","6081205.14"
"samyang","삼양식품","us","2025-05","2025-Q2","28396296","39979339889","5827636.49"
"samyang","삼양식품","us","2025-06","2025-Q2","34201895","46825737256","6706007.76"
"samyang","삼양식품","us","2025-07","2025-Q3","17717254","24289868649","3673745"
"samyang","삼양식품","us","2025-08","2025-Q3","20919475","29014989432","4425611.8"
"samyang","삼양식품","us","2025-09","2025-Q3","25799276","35871865203","5441397.68"
"samyang","삼양식품","us","2025-10","2025-Q4","22567281","31897201408","4805003.42"
"samyang","삼양식품","us","2025-11","2025-Q4","20530957","29720736524","4674240.36"
"samyang","삼양식품","us","2025-12","2025-Q4","28061020","41294258550","6074258.01"
"samyang","삼양식품","us","2026-01","2026-Q1","25949740","37744945156","5613055.73"
"samyang","삼양식품","us","2026-02","2026-Q1","30270098","43826413703","6521265.16"
"samyang","삼양식품","us","2026-03","2026-Q1","34476925","50748279612","7499171.76"
"samyang","삼양식품","us","2026-04","2026-Q2","49588693","73994334170","10574788.22"
"samyang","삼양식품","us","2026-05","2026-Q2","27528756","40520267869","5356923.304"
"tnl","티앤엘","total","1996-02","1996-Q1","36917","28643892","4091"
"tnl","티앤엘","total","1996-05","1996-Q2","58196","45158146","6016"
"tnl","티앤엘","total","1996-06","1996-Q2","41140","32487023","2973"
"tnl","티앤엘","total","1996-07","1996-Q3","17000","13776800","2200"
"tnl","티앤엘","total","1996-08","1996-Q3","7266","5892217","450"
"tnl","티앤엘","total","1996-09","1996-Q3","9600","7830720","1364"
"tnl","티앤엘","total","1996-11","1996-Q4","35280","29060841","3545"
"tnl","티앤엘","total","1996-12","1996-Q4","2625","2190168","186"
"tnl","티앤엘","total","1997-02","1997-Q1","39600","34333991","3285"
"tnl","티앤엘","total","1997-06","1997-Q2","17170","15198670","1818"
"tnl","티앤엘","total","1997-08","1997-Q3","45116","40176388","6727"
"tnl","티앤엘","total","1997-09","1997-Q3","1200","1087884","135"
"tnl","티앤엘","total","1997-11","1997-Q4","2030","1920928","33"
"tnl","티앤엘","total","1998-01","1998-Q1","4800","7755936","320"
"tnl","티앤엘","total","1998-02","1998-Q1","45120","68865753","6789"
"tnl","티앤엘","total","1998-03","1998-Q1","34293","47239395","4436"
"tnl","티앤엘","total","1998-04","1998-Q2","31006","42484303","974"
"tnl","티앤엘","total","1998-05","1998-Q2","1715","2383521","84"
"tnl","티앤엘","total","1998-06","1998-Q2","25080","34508575","878"
"tnl","티앤엘","total","1998-08","1998-Q3","62420","82135357","7470"
"tnl","티앤엘","total","1998-09","1998-Q3","8975","12004946","222"
"tnl","티앤엘","total","1998-10","1998-Q4","10253","13955588","349"
"tnl","티앤엘","total","1998-11","1998-Q4","3800","4926814","131"
"tnl","티앤엘","total","1998-12","1998-Q4","1943","2315613","170"
"tnl","티앤엘","total","1999-01","1999-Q1","43892","51054947","6619"
"tnl","티앤엘","total","1999-02","1999-Q1","2850","3331450","100"
"tnl","티앤엘","total","1999-03","1999-Q1","65726","79297566","7788"
"tnl","티앤엘","total","1999-04","1999-Q2","2280","2750432","86"
"tnl","티앤엘","total","1999-07","1999-Q3","6080","7204070","180"
"tnl","티앤엘","total","1999-08","1999-Q3","44913","53475533","7464"
"tnl","티앤엘","total","1999-09","1999-Q3","34077","40062756","909"
"tnl","티앤엘","total","1999-10","1999-Q4","39080","46684819","941"
"tnl","티앤엘","total","1999-11","1999-Q4","103162","120402256","1759"
"tnl","티앤엘","total","1999-12","1999-Q4","47432","54256443","5992"
"tnl","티앤엘","total","2000-01","2000-Q1","17194","19267700","1513"
"tnl","티앤엘","total","2000-02","2000-Q1","27000","30109050","655"
"tnl","티앤엘","total","2000-03","2000-Q1","10260","11532650","396"
"tnl","티앤엘","total","2000-04","2000-Q2","53232","58538165","6092"
"tnl","티앤엘","total","2000-05","2000-Q2","36840","40684543","3970"
"tnl","티앤엘","total","2000-06","2000-Q2","1800","2018142","120"
"tnl","티앤엘","total","2000-07","2000-Q3","9966","11021830","255"
"tnl","티앤엘","total","2000-08","2000-Q3","79508","87738231","3952"
"tnl","티앤엘","total","2000-10","2000-Q4","40860","45388800","4900"
"tnl","티앤엘","total","2000-12","2000-Q4","22409","26869480","1970"
"tnl","티앤엘","total","2001-01","2001-Q1","6000","7572420","300"
"tnl","티앤엘","total","2001-03","2001-Q1","7523","9674845","808"
"tnl","티앤엘","total","2001-04","2001-Q2","144636","188184570","11730"
"tnl","티앤엘","total","2001-05","2001-Q2","2609","3394934","140"
"tnl","티앤엘","total","2001-06","2001-Q2","25440","32492731","1670"
"tnl","티앤엘","total","2001-07","2001-Q3","41421","53438048","3220"
"tnl","티앤엘","total","2001-08","2001-Q3","58946","74989660","4780"
"tnl","티앤엘","total","2001-09","2001-Q3","12413","15803612","613"
"tnl","티앤엘","total","2001-10","2001-Q4","21392","27738506","975"
"tnl","티앤엘","total","2001-11","2001-Q4","97355","124952711","10820"
"tnl","티앤엘","total","2001-12","2001-Q4","65550","84765090","7501"
"tnl","티앤엘","total","2002-01","2002-Q1","25761","33589717","1900"
"tnl","티앤엘","total","2002-02","2002-Q1","4800","6265296","240"
"tnl","티앤엘","total","2002-03","2002-Q1","88787","116218993","8480"
"tnl","티앤엘","total","2002-04","2002-Q2","65520","86134501","4510"
"tnl","티앤엘","total","2002-05","2002-Q2","118113","149381382","2977"
"tnl","티앤엘","total","2002-06","2002-Q2","85972","104815232","3647"
"tnl","티앤엘","total","2002-07","2002-Q3","8836","10283945","2040"
"tnl","티앤엘","total","2002-08","2002-Q3","34741","41178019","2543"
"tnl","티앤엘","total","2002-09","2002-Q3","40160","47950713","4530"
"tnl","티앤엘","total","2002-10","2002-Q4","56650","69756870","3615"
"tnl","티앤엘","total","2002-11","2002-Q4","119745","145074421","21659"
"tnl","티앤엘","total","2002-12","2002-Q4","188974","226100657","52271.2"
"tnl","티앤엘","total","2003-01","2003-Q1","222475","260446919","54128"
"tnl","티앤엘","total","2003-02","2003-Q1","119297","141376801","12252"
"tnl","티앤엘","total","2003-03","2003-Q1","73872","91373015","7428"
"tnl","티앤엘","total","2003-04","2003-Q2","153456","186478659","30759"
"tnl","티앤엘","total","2003-05","2003-Q2","101104","120973470","13002"
"tnl","티앤엘","total","2003-06","2003-Q2","25903","30619795","2764"
"tnl","티앤엘","total","2003-07","2003-Q3","146018","171273230","34843"
"tnl","티앤엘","total","2003-08","2003-Q3","146908","171901073","27615.1"
"tnl","티앤엘","total","2003-09","2003-Q3","169579","197106728","22921.1"
"tnl","티앤엘","total","2003-10","2003-Q4","113879","130770609","18649.8"
"tnl","티앤엘","total","2003-11","2003-Q4","177182","207019617","29469"
"tnl","티앤엘","total","2003-12","2003-Q4","311112","366736669","39282.7"
"tnl","티앤엘","total","2004-01","2004-Q1","84775","99821501","8888.9"
"tnl","티앤엘","total","2004-02","2004-Q1","135623","156654026","21664.3"
"tnl","티앤엘","total","2004-03","2004-Q1","345526","400053739","65700"
"tnl","티앤엘","total","2004-04","2004-Q2","185634","210753969","27417.4"
"tnl","티앤엘","total","2004-05","2004-Q2","269735","314555993","56673.8"
"tnl","티앤엘","total","2004-06","2004-Q2","205782","237539246","34507"
"tnl","티앤엘","total","2004-07","2004-Q3","217380","248278243","54501.4"
"tnl","티앤엘","total","2004-08","2004-Q3","89084","102510710","20248"
"tnl","티앤엘","total","2004-09","2004-Q3","124419","141941920","24738"
"tnl","티앤엘","total","2004-10","2004-Q4","65944","74913303","8811"
"tnl","티앤엘","total","2004-11","2004-Q4","207659","228631095","27540"
"tnl","티앤엘","total","2004-12","2004-Q4","133345","138750005","25764"
"tnl","티앤엘","total","2005-01","2005-Q1","105606","108999220","21250"
"tnl","티앤엘","total","2005-02","2005-Q1","95492","97576685","27094"
"tnl","티앤엘","total","2005-03","2005-Q1","184148","184013684","23789"
"tnl","티앤엘","total","2005-04","2005-Q2","175904","176608472","32816"
"tnl","티앤엘","total","2005-05","2005-Q2","123153","122345858","19020"
"tnl","티앤엘","total","2005-06","2005-Q2","174198","173623296","39440"
"tnl","티앤엘","total","2005-07","2005-Q3","324853","333742938","52520"
"tnl","티앤엘","total","2005-08","2005-Q3","92554","93444856","7111"
"tnl","티앤엘","total","2005-09","2005-Q3","75789","77017432","3096.8"
"tnl","티앤엘","total","2005-10","2005-Q4","468827","483585756","12661.1"
"tnl","티앤엘","total","2005-11","2005-Q4","162599","167514571","24633"
"tnl","티앤엘","total","2005-12","2005-Q4","160659","164629276","5889"
"tnl","티앤엘","total","2006-01","2006-Q1","100565","99313817","3260.3"
"tnl","티앤엘","total","2006-02","2006-Q1","57382","55194039","2768"
"tnl","티앤엘","total","2006-03","2006-Q1","71778","68992442","5084.2"
"tnl","티앤엘","total","2006-04","2006-Q2","42131","39843089","1990"
"tnl","티앤엘","total","2006-05","2006-Q2","113253","104977196","26199.7"
"tnl","티앤엘","total","2006-06","2006-Q2","127235","119790186","17810"
"tnl","티앤엘","total","2006-07","2006-Q3","126966","119036095","17171"
"tnl","티앤엘","total","2006-08","2006-Q3","69434","66192737","15787"
"tnl","티앤엘","total","2006-09","2006-Q3","285737","271102252","17024.6"
"tnl","티앤엘","total","2006-10","2006-Q4","104372","98255768","8111.2"
"tnl","티앤엘","total","2006-11","2006-Q4","180762","169477275","13364.2"
"tnl","티앤엘","total","2006-12","2006-Q4","315619","289126829","28795.4"
"tnl","티앤엘","total","2007-01","2007-Q1","290856","268732846","26154"
"tnl","티앤엘","total","2007-02","2007-Q1","97945","90928170","4165"
"tnl","티앤엘","total","2007-03","2007-Q1","87334","81643205","6113.4"
"tnl","티앤엘","total","2007-04","2007-Q2","82977","76864534","9325.2"
"tnl","티앤엘","total","2007-05","2007-Q2","120300","110313632","5817"
"tnl","티앤엘","total","2007-06","2007-Q2","100709","92520868","3219.2"
"tnl","티앤엘","total","2007-07","2007-Q3","217218","198061096","19223.4"
"tnl","티앤엘","total","2007-08","2007-Q3","205541","189491033","13737.5"
"tnl","티앤엘","total","2007-09","2007-Q3","271705","251679736","15502.4"
"tnl","티앤엘","total","2007-10","2007-Q4","263052","238952975","8377.5"
"tnl","티앤엘","total","2007-11","2007-Q4","301604","271106036","6994"
"tnl","티앤엘","total","2007-12","2007-Q4","87403","80612416","2398.5"
"tnl","티앤엘","total","2008-01","2008-Q1","302919","282930992","28859.8"
"tnl","티앤엘","total","2008-02","2008-Q1","115540","108139933","7015.5"
"tnl","티앤엘","total","2008-03","2008-Q1","32419","31454666","2252"
"tnl","티앤엘","total","2008-04","2008-Q2","203062","198790208","8061.2"
"tnl","티앤엘","total","2008-05","2008-Q2","395678","399794974","31115.4"
"tnl","티앤엘","total","2008-06","2008-Q2","96544","98989992","2989"
"tnl","티앤엘","total","2008-07","2008-Q3","214297","215816307","7663.2"
"tnl","티앤엘","total","2008-08","2008-Q3","50227","52001428","271.5"
"tnl","티앤엘","total","2008-09","2008-Q3","532555","589014061","27855.5"
"tnl","티앤엘","total","2008-10","2008-Q4","106446","132985919","4388"
"tnl","티앤엘","total","2008-11","2008-Q4","220984","312837430","2274"
"tnl","티앤엘","total","2008-12","2008-Q4","617736","834763464","56179.5"
"tnl","티앤엘","total","2009-01","2009-Q1","407719","533518851","17996.5"
"tnl","티앤엘","total","2009-02","2009-Q1","452866","621489594","50605"
"tnl","티앤엘","total","2009-03","2009-Q1","404613","606645124","31825"
"tnl","티앤엘","total","2009-04","2009-Q2","431413","573793370","36047"
"tnl","티앤엘","total","2009-05","2009-Q2","720879","915309216","31614.9"
"tnl","티앤엘","total","2009-06","2009-Q2","454359","565904806","10328"
"tnl","티앤엘","total","2009-07","2009-Q3","673310","852844142","35182"
"tnl","티앤엘","total","2009-08","2009-Q3","191532","234627250","8415"
"tnl","티앤엘","total","2009-09","2009-Q3","142628","173966521","3817"
"tnl","티앤엘","total","2009-10","2009-Q4","660281","768842885","52040.7"
"tnl","티앤엘","total","2009-11","2009-Q4","691561","794869974","37093"
"tnl","티앤엘","total","2009-12","2009-Q4","212379","245257851","23635"
"tnl","티앤엘","total","2010-01","2010-Q1","436820","492034365","26438"
"tnl","티앤엘","total","2010-02","2010-Q1","393265","448970905","14606"
"tnl","티앤엘","total","2010-03","2010-Q1","371530","420605596","16006.1"
"tnl","티앤엘","total","2010-04","2010-Q2","644768","717690368","20616.8"
"tnl","티앤엘","total","2010-05","2010-Q2","945403","1072129206","29310.6"
"tnl","티앤엘","total","2010-06","2010-Q2","322326","385833113","5509.6"
"tnl","티앤엘","total","2010-07","2010-Q3","567796","679737321","18487.1"
"tnl","티앤엘","total","2010-08","2010-Q3","504955","588034182","20765.5"
"tnl","티앤엘","total","2010-09","2010-Q3","1032994","1206875182","19677"
"tnl","티앤엘","total","2010-10","2010-Q4","1527456","1725226286","76649.3"
"tnl","티앤엘","total","2010-11","2010-Q4","113919","126726997","2673.4"
"tnl","티앤엘","total","2010-12","2010-Q4","1238693","1411072134","41578.9"
"tnl","티앤엘","total","2011-01","2011-Q1","490590","549718906","20606.5"
"tnl","티앤엘","total","2011-02","2011-Q1","302187","334617567","24441.2"
"tnl","티앤엘","total","2011-03","2011-Q1","998909","1110606653","43361.5"
"tnl","티앤엘","total","2011-04","2011-Q2","902800","974792197","33166.1"
"tnl","티앤엘","total","2011-05","2011-Q2","821084","879827521","38366.6"
"tnl","티앤엘","total","2011-06","2011-Q2","3628858","3888718636","31007.1"
"tnl","티앤엘","total","2011-07","2011-Q3","443130","468158309","19062.5"
"tnl","티앤엘","total","2011-08","2011-Q3","389078","412789222","30610.4"
"tnl","티앤엘","total","2011-09","2011-Q3","819449","891584672","47075.5"
"tnl","티앤엘","total","2011-10","2011-Q4","317461","371030769","19795.6"
"tnl","티앤엘","total","2011-11","2011-Q4","1822812","2056102269","64876"
"tnl","티앤엘","total","2011-12","2011-Q4","1089663","1243400052","56151"
"tnl","티앤엘","total","2012-01","2012-Q1","366893","419883733","17522.1"
"tnl","티앤엘","total","2012-02","2012-Q1","849617","946119996","44443.4"
"tnl","티앤엘","total","2012-03","2012-Q1","737045","818120875","31334"
"tnl","티앤엘","total","2012-04","2012-Q2","1329067","1496409323","25032.8"
"tnl","티앤엘","total","2012-05","2012-Q2","1721900","1941339156","51244"
"tnl","티앤엘","total","2012-06","2012-Q2","378328","439898165","16974.1"
"tnl","티앤엘","total","2012-07","2012-Q3","1442620","1647975148","36634.5"
"tnl","티앤엘","total","2012-08","2012-Q3","381462","426988732","21424"
"tnl","티앤엘","total","2012-09","2012-Q3","1685004","1885040198","71873.2"
"tnl","티앤엘","total","2012-10","2012-Q4","900828","986431199","39334.2"
"tnl","티앤엘","total","2012-11","2012-Q4","3323763","3574429404","42121"
"tnl","티앤엘","total","2012-12","2012-Q4","4374392","4657202306","63844"
"tnl","티앤엘","total","2013-01","2013-Q1","1092534","1149756803","45365.3"
"tnl","티앤엘","total","2013-02","2013-Q1","1992726","2145931257","85951.3"
"tnl","티앤엘","total","2013-03","2013-Q1","1218752","1324042505","55368.4"
"tnl","티앤엘","total","2013-04","2013-Q2","1203242","1342802208","46093.4"
"tnl","티앤엘","total","2013-05","2013-Q2","1167504","1284229497","66326.6"
"tnl","티앤엘","total","2013-06","2013-Q2","1728985","1935957756","60114.8"
"tnl","티앤엘","total","2013-07","2013-Q3","342785","385370049","14347.3"
"tnl","티앤엘","total","2013-08","2013-Q3","594923","657886354","44074.6"
"tnl","티앤엘","total","2013-09","2013-Q3","677549","738609007","32815.1"
"tnl","티앤엘","total","2013-10","2013-Q4","5747653","6083785455","54418.3"
"tnl","티앤엘","total","2013-11","2013-Q4","1527307","1611065326","53405"
"tnl","티앤엘","total","2013-12","2013-Q4","2532015","2643032828","45363.7"
"tnl","티앤엘","total","2014-01","2014-Q1","1241315","1308032608","52444.7"
"tnl","티앤엘","total","2014-02","2014-Q1","647770","686604105","29937.4"
"tnl","티앤엘","total","2014-03","2014-Q1","1413704","1498065643","72321.9"
"tnl","티앤엘","total","2014-04","2014-Q2","567941","596247830","38220.1"
"tnl","티앤엘","total","2014-05","2014-Q2","1111628","1128630788","46994.1"
"tnl","티앤엘","total","2014-06","2014-Q2","977705","988078581","70662.2"
"tnl","티앤엘","total","2014-07","2014-Q3","1799791","1814433182","68407.6"
"tnl","티앤엘","total","2014-08","2014-Q3","966747","984055509","55355.5"
"tnl","티앤엘","total","2014-09","2014-Q3","1011179","1030991411","39944.8"
"tnl","티앤엘","total","2014-10","2014-Q4","1512855","1586491750","78205.6"
"tnl","티앤엘","total","2014-11","2014-Q4","4376608","4603867601","69661.4"
"tnl","티앤엘","total","2014-12","2014-Q4","5660678","6214322665","100317.8"
"tnl","티앤엘","total","2015-01","2015-Q1","1559117","1677220883","131133.5"
"tnl","티앤엘","total","2015-02","2015-Q1","937925","1017795341","47853.6"
"tnl","티앤엘","total","2015-03","2015-Q1","1610569","1788169343","58195.2"
"tnl","티앤엘","total","2015-04","2015-Q2","1599597","1730066453","61927.3"
"tnl","티앤엘","total","2015-05","2015-Q2","1312248","1413683063","50097.3"
"tnl","티앤엘","total","2015-06","2015-Q2","1470514","1618836771","58019.1"
"tnl","티앤엘","total","2015-07","2015-Q3","1564546","1765043415","46565.2"
"tnl","티앤엘","total","2015-08","2015-Q3","1478874","1726116064","35066.7"
"tnl","티앤엘","total","2015-09","2015-Q3","5599686","6544952503","91445.6"
"tnl","티앤엘","total","2015-10","2015-Q4","1910184","2190020306","77814.2"
"tnl","티앤엘","total","2015-11","2015-Q4","2962021","3376922085","120860.5"
"tnl","티앤엘","total","2015-12","2015-Q4","2814124","3280955834","61400.6"
"tnl","티앤엘","total","2016-01","2016-Q1","1907904","2270206457","67962.4"
"tnl","티앤엘","total","2016-02","2016-Q1","1161761","1384695680","33236.1"
"tnl","티앤엘","total","2016-03","2016-Q1","2769264","3332473999","127210.1"
"tnl","티앤엘","total","2016-04","2016-Q2","1543635","1753913145","79662.6"
"tnl","티앤엘","total","2016-05","2016-Q2","2133404","2449814837","88249.3"
"tnl","티앤엘","total","2016-06","2016-Q2","2333622","2703743873","183043.86"
"tnl","티앤엘","total","2016-07","2016-Q3","996996","1144316622","58403.95"
"tnl","티앤엘","total","2016-08","2016-Q3","1707325","1880733220","87255.35"
"tnl","티앤엘","total","2016-09","2016-Q3","575733","633450192","29765.72"
"tnl","티앤엘","total","2016-10","2016-Q4","1689580","1874799245","78408.33"
"tnl","티앤엘","total","2016-11","2016-Q4","1259521","1446320213","53586.44"
"tnl","티앤엘","total","2016-12","2016-Q4","1069403","1249007359","56716.05"
"tnl","티앤엘","total","2017-01","2017-Q1","1244611","1467066030","52066.68"
"tnl","티앤엘","total","2017-02","2017-Q1","2817539","3205679893","76049.96"
"tnl","티앤엘","total","2017-03","2017-Q1","3074742","3452416951","123220.46"
"tnl","티앤엘","total","2017-04","2017-Q2","2424453","2719153708","93280.726"
"tnl","티앤엘","total","2017-05","2017-Q2","790084","880873975","46211"
"tnl","티앤엘","total","2017-06","2017-Q2","2377903","2657190687","73078.16"
"tnl","티앤엘","total","2017-07","2017-Q3","2478046","2790721971","73938.41"
"tnl","티앤엘","total","2017-08","2017-Q3","2486544","2779410120","54732.07"
"tnl","티앤엘","total","2017-09","2017-Q3","1644674","1840103997","44025.65"
"tnl","티앤엘","total","2017-10","2017-Q4","2471097","2782724925","72632.79"
"tnl","티앤엘","total","2017-11","2017-Q4","2192940","2421066966","56890.33"
"tnl","티앤엘","total","2017-12","2017-Q4","2782580","2999042047","123045.522"
"tnl","티앤엘","total","2018-01","2018-Q1","782434","828577444","25855.5"
"tnl","티앤엘","total","2018-02","2018-Q1","1578069","1694805888","40415.41"
"tnl","티앤엘","total","2018-03","2018-Q1","2288519","2425887156","84938.41"
"tnl","티앤엘","total","2018-04","2018-Q2","1545318","1634535478","71789.18"
"tnl","티앤엘","total","2018-05","2018-Q2","3260518","3475680600","98864.72"
"tnl","티앤엘","total","2018-06","2018-Q2","2262216","2442358120","92424.05"
"tnl","티앤엘","total","2018-07","2018-Q3","1665526","1849923427","63551.04"
"tnl","티앤엘","total","2018-08","2018-Q3","3261568","3631367436","91770.53"
"tnl","티앤엘","total","2018-09","2018-Q3","1232112","1367108346","62693.8"
"tnl","티앤엘","total","2018-10","2018-Q4","3080488","3447828761","99969.42"
"tnl","티앤엘","total","2018-11","2018-Q4","2688047","3010281524","186441.242"
"tnl","티앤엘","total","2018-12","2018-Q4","4826046","5366798689","122358.304"
"tnl","티앤엘","total","2019-01","2019-Q1","829753","921687473","43859.425"
"tnl","티앤엘","total","2019-02","2019-Q1","1729692","1920431421","32781.29"
"tnl","티앤엘","total","2019-03","2019-Q1","2766597","3092297923","85191.89"
"tnl","티앤엘","total","2019-04","2019-Q2","1779785","2006883299","81669.3"
"tnl","티앤엘","total","2019-05","2019-Q2","3517609","4102985582","83172.2"
"tnl","티앤엘","total","2019-06","2019-Q2","2635687","3083564043","75903.37"
"tnl","티앤엘","total","2019-07","2019-Q3","1720635","1992444668","73176.65"
"tnl","티앤엘","total","2019-08","2019-Q3","2269427","2719528414","42924.06"
"tnl","티앤엘","total","2019-09","2019-Q3","1980968","2357318834","78483.9"
"tnl","티앤엘","total","2019-10","2019-Q4","3268845","3851804159","95192.74"
"tnl","티앤엘","total","2019-11","2019-Q4","2101485","2425232566","101863.96"
"tnl","티앤엘","total","2019-12","2019-Q4","2951130","3458831514","86042.86"
"tnl","티앤엘","total","2020-01","2020-Q1","1096495","1262514487","27212.96"
"tnl","티앤엘","total","2020-02","2020-Q1","2392480","2807357649","90096.4"
"tnl","티앤엘","total","2020-03","2020-Q1","2605442","3149688710","99490.6"
"tnl","티앤엘","total","2020-04","2020-Q2","2042868","2474587329","88630.92"
"tnl","티앤엘","total","2020-05","2020-Q2","3228477","3920459412","119080.22"
"tnl","티앤엘","total","2020-06","2020-Q2","2295478","2756985998","70408.63"
"tnl","티앤엘","total","2020-07","2020-Q3","3240343","3865257129","70695"
"tnl","티앤엘","total","2020-08","2020-Q3","2031463","2386127412","35566.89"
"tnl","티앤엘","total","2020-09","2020-Q3","918381","1078279280","9058.23"
"tnl","티앤엘","total","2020-10","2020-Q4","3484327","3968317465","76046.51"
"tnl","티앤엘","total","2020-11","2020-Q4","3755298","4168350714","103845.96"
"tnl","티앤엘","total","2020-12","2020-Q4","4782192","5170311787","185869.24"
"tnl","티앤엘","total","2021-01","2021-Q1","2432076","2633585469","44900.12"
"tnl","티앤엘","total","2021-02","2021-Q1","2905021","3189292864","60848.82"
"tnl","티앤엘","total","2021-03","2021-Q1","4145093","4617435195","75368.66"
"tnl","티앤엘","total","2021-04","2021-Q2","5874125","6533334313","93987.515"
"tnl","티앤엘","total","2021-05","2021-Q2","2896468","3220694235","37678.96"
"tnl","티앤엘","total","2021-06","2021-Q2","5248425","5810756568","60196.44"
"tnl","티앤엘","total","2021-07","2021-Q3","6065868","6863188205","126191.26"
"tnl","티앤엘","total","2021-08","2021-Q3","4117133","4713839648","51799.75"
"tnl","티앤엘","total","2021-09","2021-Q3","4902988","5674725522","55791.455"
"tnl","티앤엘","total","2021-10","2021-Q4","4835351","5680030210","84817.56"
"tnl","티앤엘","total","2021-11","2021-Q4","4700087","5493445524","83754.15"
"tnl","티앤엘","total","2021-12","2021-Q4","4395797","5148616044","67741.35"
"tnl","티앤엘","total","2022-01","2022-Q1","2507021","2956481186","44818.08"
"tnl","티앤엘","total","2022-02","2022-Q1","1997512","2371728907","67958.83"
"tnl","티앤엘","total","2022-03","2022-Q1","5034650","6064862535","83627.16"
"tnl","티앤엘","total","2022-04","2022-Q2","3615265","4391336706","87833.4"
"tnl","티앤엘","total","2022-05","2022-Q2","5138729","6462490440","92698.486"
"tnl","티앤엘","total","2022-06","2022-Q2","5640399","7077999716","102047.989"
"tnl","티앤엘","total","2022-07","2022-Q3","3988779","5148159924","97391.795"
"tnl","티앤엘","total","2022-08","2022-Q3","3482584","4509128819","31183.6"
"tnl","티앤엘","total","2022-09","2022-Q3","6217361","8464855956","136519.15"
"tnl","티앤엘","total","2022-10","2022-Q4","3567811","5087813199","104242.51"
"tnl","티앤엘","total","2022-11","2022-Q4","4635882","6400811803","73175.69"
"tnl","티앤엘","total","2022-12","2022-Q4","5902996","7745477109","83089.6"
"tnl","티앤엘","total","2023-01","2023-Q1","3474396","4353511445","63329.239"
"tnl","티앤엘","total","2023-02","2023-Q1","6109530","7655305054","92808.86"
"tnl","티앤엘","total","2023-03","2023-Q1","8311601","10880439804","141773.861"
"tnl","티앤엘","total","2023-04","2023-Q2","6842734","8974159791","87295.5"
"tnl","티앤엘","total","2023-05","2023-Q2","8299010","11051755486","159674.066"
"tnl","티앤엘","total","2023-06","2023-Q2","8194016","10629161295","128622.856"
"tnl","티앤엘","total","2023-07","2023-Q3","8051464","10385672823","116988.49"
"tnl","티앤엘","total","2023-08","2023-Q3","5785939","7610399908","82988.922"
"tnl","티앤엘","total","2023-09","2023-Q3","4602265","6105217382","101362.29"
"tnl","티앤엘","total","2023-10","2023-Q4","4094997","5517089747","63060.475"
"tnl","티앤엘","total","2023-11","2023-Q4","5367046","7117212207","64104.302"
"tnl","티앤엘","total","2023-12","2023-Q4","2502327","3260937383","115249.826"
"tnl","티앤엘","total","2024-01","2024-Q1","4087981","5367522013","42406.311"
"tnl","티앤엘","total","2024-02","2024-Q1","5863029","7817609859","70118.251"
"tnl","티앤엘","total","2024-03","2024-Q1","8353346","11085289213","112321.342"
"tnl","티앤엘","total","2024-04","2024-Q2","10998081","15009808640","126157.46"
"tnl","티앤엘","total","2024-05","2024-Q2","10060293","13772589059","139569.66"
"tnl","티앤엘","total","2024-06","2024-Q2","11893168","16363856037","160757.647"
"tnl","티앤엘","total","2024-07","2024-Q3","12523172","17332147587","145780.598"
"tnl","티앤엘","total","2024-08","2024-Q3","9823118","13422953765","128250.096"
"tnl","티앤엘","total","2024-09","2024-Q3","10685774","14263080685","129392.803"
"tnl","티앤엘","total","2024-10","2024-Q4","10055012","13525751893","146752.985"
"tnl","티앤엘","total","2024-11","2024-Q4","6885595","9571480275","75892.108"
"tnl","티앤엘","total","2024-12","2024-Q4","7956110","11324818912","188774.971"
"tnl","티앤엘","total","2025-01","2025-Q1","14398118","21092267117","103069.612"
"tnl","티앤엘","total","2025-02","2025-Q1","8916298","12909371544","104649.146"
"tnl","티앤엘","total","2025-03","2025-Q1","7050774","10212906204","81088.01"
"tnl","티앤엘","total","2025-04","2025-Q2","10744325","15548493449","130504.952"
"tnl","티앤엘","total","2025-05","2025-Q2","5147695","7234448537","48725.299"
"tnl","티앤엘","total","2025-06","2025-Q2","6672605","9125366596","124073.184"
"tnl","티앤엘","total","2025-07","2025-Q3","12332871","16917447694","100477.102"
"tnl","티앤엘","total","2025-08","2025-Q3","4437510","6155843389","37379.341"
"tnl","티앤엘","total","2025-09","2025-Q3","7566361","10519910478","138501.612"
"tnl","티앤엘","total","2025-10","2025-Q4","7966531","11287364198","75838.508"
"tnl","티앤엘","total","2025-11","2025-Q4","5419747","7860056905","94652.683"
"tnl","티앤엘","total","2025-12","2025-Q4","5725698","8422845331","91115.044"
"tnl","티앤엘","total","2026-01","2026-Q1","7565098","11029752488","49720.281"
"tnl","티앤엘","total","2026-02","2026-Q1","6753578","9797380594","84860.82"
"tnl","티앤엘","total","2026-03","2026-Q1","9912623","14565639378","105958.299"
"tnl","티앤엘","total","2026-04","2026-Q2","13190131","19705362537","136621.73"
"tnl","티앤엘","us","2022-01","2022-Q1","1948040","2297141438","16511.03"
"tnl","티앤엘","us","2022-02","2022-Q1","1155702","1372193790","10819.61"
"tnl","티앤엘","us","2022-03","2022-Q1","2149436","2592339698","15434.75"
"tnl","티앤엘","us","2022-04","2022-Q2","2171005","2639009286","16064.81"
"tnl","티앤엘","us","2022-05","2022-Q2","2447432","3079769232","26376.01"
"tnl","티앤엘","us","2022-06","2022-Q2","3966565","4960136911","38625.06"
"tnl","티앤엘","us","2022-07","2022-Q3","1857890","2388356667","14313.44"
"tnl","티앤엘","us","2022-08","2022-Q3","1924347","2493905117","14064.37"
"tnl","티앤엘","us","2022-09","2022-Q3","2735415","3707671197","20621.42"
"tnl","티앤엘","us","2022-10","2022-Q4","1321755","1882975382","9737.4"
"tnl","티앤엘","us","2022-11","2022-Q4","2496279","3428395516","17687.32"
"tnl","티앤엘","us","2022-12","2022-Q4","3875897","5072331766","24505.35"
"tnl","티앤엘","us","2023-01","2023-Q1","2051693","2575143208","10708.96"
"tnl","티앤엘","us","2023-02","2023-Q1","4696884","5876643801","38104.03"
"tnl","티앤엘","us","2023-03","2023-Q1","4659739","6099699447","40157.71"
"tnl","티앤엘","us","2023-04","2023-Q2","5273680","6910837033","35387.65"
"tnl","티앤엘","us","2023-05","2023-Q2","5003157","6658836522","39298.8"
"tnl","티앤엘","us","2023-06","2023-Q2","6650848","8613798912","54297.29"
"tnl","티앤엘","us","2023-07","2023-Q3","4675930","6029570122","28036.89"
"tnl","티앤엘","us","2023-08","2023-Q3","2768596","3651566863","16986.2"
"tnl","티앤엘","us","2023-09","2023-Q3","1906738","2528834948","15070.3"
"tnl","티앤엘","us","2023-10","2023-Q4","1469878","1981873033","9855.76"
"tnl","티앤엘","us","2023-11","2023-Q4","2138200","2837387676","14376.28"
"tnl","티앤엘","us","2023-12","2023-Q4","770359","1006933369","7397.08"
"tnl","티앤엘","us","2024-01","2024-Q1","1398039","1835431191","7123.45"
"tnl","티앤엘","us","2024-02","2024-Q1","3101682","4135486889","18527.35"
"tnl","티앤엘","us","2024-03","2024-Q1","5328556","7070925734","35805.56"
"tnl","티앤엘","us","2024-04","2024-Q2","6740015","9219167631","41311.43"
"tnl","티앤엘","us","2024-05","2024-Q2","7300404","10003019606","54312.84"
"tnl","티앤엘","us","2024-06","2024-Q2","9182471","12628763447","62106.18"
"tnl","티앤엘","us","2024-07","2024-Q3","9275712","12837821226","62248.11"
"tnl","티앤엘","us","2024-08","2024-Q3","6774712","9248891605","37273.1"
"tnl","티앤엘","us","2024-09","2024-Q3","6183918","8255832631","33080.26"
"tnl","티앤엘","us","2024-10","2024-Q4","6345769","8523087837","40506.14"
"tnl","티앤엘","us","2024-11","2024-Q4","3847759","5346782051","27726.24"
"tnl","티앤엘","us","2024-12","2024-Q4","2192527","3089211985","10957.29"
"tnl","티앤엘","us","2025-01","2025-Q1","11729800","17188208270","71599.64"
"tnl","티앤엘","us","2025-02","2025-Q1","4658162","6743553900","28315.9"
"tnl","티앤엘","us","2025-03","2025-Q1","2827388","4096745783","16356.62"
"tnl","티앤엘","us","2025-04","2025-Q2","4860565","7048383734","33626.61"
"tnl","티앤엘","us","2025-05","2025-Q2","1895291","2665584567","13123.93"
"tnl","티앤엘","us","2025-06","2025-Q2","2906293","3973613291","19513.92"
"tnl","티앤엘","us","2025-07","2025-Q3","6043059","8296421976","34067.03"
"tnl","티앤엘","us","2025-08","2025-Q3","2038427","2826656225","11899.79"
"tnl","티앤엘","us","2025-09","2025-Q3","2951562","4103367912","16120.34"
"tnl","티앤엘","us","2025-10","2025-Q4","5062368","7169993245","33298.58"
"tnl","티앤엘","us","2025-11","2025-Q4","3957672","5744279635","29952.37"
"tnl","티앤엘","us","2025-12","2025-Q4","2245612","3307065889","16253.83"
"tnl","티앤엘","us","2026-01","2026-Q1","3274892","4778510639","18132.8"
"tnl","티앤엘","us","2026-02","2026-Q1","4224052","6132736364","30498.78"
"tnl","티앤엘","us","2026-03","2026-Q1","6117756","8998742884","36935.73"
"tnl","티앤엘","us","2026-04","2026-Q2","8843090","13225225171","51258.69"
"tnl","티앤엘","us","2026-05","2026-Q2","5833261","8617304331","33556.18"